{"1": [8.0, 0.31134748458862305], "0": [8.0, 0.7421324253082275], "2": [8.0, 0.32843971252441406], "3": [8.0, 0.656226396560669], "4": [8.0, 0.659290075302124], "5": [8.0, 0.8210461139678955], "6": [8.0, 0.28381824493408203], "7": [8.0, 0.6792573928833008], "8": [8.0, 0.742107629776001], "9": [8.0, 0.7723855972290039], "10": [8.0, 0.44966816902160645], "11": [8.0, 0.36541080474853516], "12": [9.0, 0.6346292495727539], "13": [8.0, 0.21608757972717285], "14": [8.0, 0.28731346130371094], "15": [8.0, 0.5976052284240723], "16": [8.0, 0.22177696228027344], "17": [9.0, 0.3481624126434326], "18": [9.0, 0.6693911552429199], "19": [8.0, 0.6521649360656738], "20": [8.0, 0.24079561233520508], "21": [8.0, 0.7258598804473877], "22": [8.0, 0.5413687229156494], "23": [9.0, 0.2948951721191406], "24": [8.0, 0.7373075485229492], "25": [8.0, 0.4375472068786621], "26": [8.0, 0.6728227138519287], "27": [8.0, 0.37714481353759766], "28": [8.0, 0.5279786586761475], "29": [8.0, 0.23787879943847656], "30": [8.0, 0.289750337600708], "31": [8.0, 0.5351955890655518], "32": [8.0, 0.3234884738922119], "33": [8.0, 0.3130040168762207], "34": [8.0, 0.24167084693908691], "35": [8.0, 0.3532276153564453], "36": [7.0, 0.20881891250610352], "37": [8.0, 0.19354009628295898], "38": [7.0, 0.30397963523864746], "39": [8.0, 0.5072305202484131], "40": [8.0, 0.5355908870697021], "41": [8.0, 0.5977864265441895], "42": [8.0, 0.5874392986297607], "43": [8.0, 0.5867645740509033], "44": [8.0, 0.6057841777801514], "45": [8.0, 0.5802116394042969], "46": [8.0, 0.5760390758514404], "47": [9.0, 0.4040710926055908], "48": [8.0, 0.678455114364624], "49": [7.0, 0.22891831398010254], "50": [8.0, 0.3476448059082031], "51": [8.0, 0.7224202156066895], "52": [8.0, 0.704197883605957], "53": [8.0, 0.2810666561126709], "54": [8.0, 0.7253069877624512], "55": [8.0, 0.3122127056121826], "56": [8.0, 0.45659446716308594], "57": [8.0, 0.3382260799407959], "58": [8.0, 0.4312407970428467], "59": [8.0, 0.340146541595459], "60": [8.0, 0.5881836414337158], "61": [8.0, 0.5852632522583008], "62": [8.0, 0.5943496227264404], "63": [8.0, 0.3990287780761719], "64": [8.0, 0.4431307315826416], "65": [9.0, 0.7004532814025879], "66": [8.0, 0.588773250579834], "67": [8.0, 0.5647141933441162], "68": [7.0, 0.3835573196411133], "69": [7.0, 0.5642929077148438], "70": [7.0, 0.23012161254882812], "71": [7.0, 0.1758747100830078], "72": [8.0, 0.5740060806274414], "73": [8.0, 0.5530078411102295], "74": [8.0, 0.1940319538116455], "75": [8.0, 0.8701488971710205], "76": [7.0, 0.32723307609558105], "77": [8.0, 0.2734870910644531], "78": [8.0, 0.24805784225463867], "79": [8.0, 0.6619365215301514], "80": [7.0, 0.3476448059082031], "81": [8.0, 0.4277043342590332], "82": [8.0, 0.6033267974853516], "83": [8.0, 0.3611946105957031], "84": [8.0, 0.6453824043273926], "85": [8.0, 0.5594713687896729], "86": [8.0, 0.6304969787597656], "87": [7.0, 0.2204113006591797], "88": [8.0, 1.0649700164794922], "89": [8.0, 0.5122601985931396], "90": [8.0, 0.2919189929962158], "91": [8.0, 0.20400738716125488], "92": [8.0, 0.22974705696105957], "93": [8.0, 0.2913045883178711], "94": [9.0, 0.8628599643707275], "95": [7.0, 0.37068629264831543], "96": [8.0, 0.5496430397033691], "97": [8.0, 0.3739743232727051], "98": [8.0, 0.5479364395141602], "99": [8.0, 0.388047456741333], "100": [8.0, 0.5694432258605957], "101": [8.0, 0.2666745185852051], "102": [8.0, 0.43614792823791504], "103": [8.0, 0.5120580196380615], "104": [8.0, 0.5622274875640869], "105": [8.0, 0.4709467887878418], "106": [8.0, 0.6074075698852539], "107": [8.0, 0.5227928161621094], "108": [8.0, 0.35730600357055664], "109": [8.0, 0.48531532287597656], "110": [8.0, 0.6747615337371826], "111": [8.0, 0.5886821746826172], "112": [8.0, 0.2979006767272949], "113": [8.0, 0.37827539443969727], "114": [8.0, 0.2797353267669678], "115": [8.0, 0.5946547985076904], "116": [7.0, 0.30204105377197266], "117": [8.0, 0.17432880401611328], "118": [8.0, 0.5458662509918213], "119": [8.0, 0.5858287811279297], "120": [8.0, 0.5819242000579834], "121": [8.0, 0.33699870109558105], "122": [8.0, 0.4734463691711426], "123": [8.0, 0.5163908004760742], "124": [9.0, 0.993053674697876]}