{"4": [10.0, 0.4986295700073242], "0": [7.0, 0.2100057601928711], "5": [9.0, 0.2798736095428467], "1": [7.0, 0.2624356746673584], "7": [9.0, 0.364163875579834], "3": [5.0, 0.0876615047454834], "8": [9.0, 0.21018242835998535], "10": [10.0, 0.5459766387939453], "12": [10.0, 0.4964113235473633], "13": [11.0, 0.6476147174835205], "6": [7.0, 0.3026235103607178], "14": [9.0, 0.49628186225891113], "15": [9.0, 0.2497844696044922], "9": [7.0, 0.17155838012695312], "11": [8.0, 0.20100116729736328], "16": [10.0, 0.28801608085632324], "17": [7.0, 0.2615053653717041], "18": [7.0, 0.18545985221862793], "20": [4.0, 0.05568099021911621], "21": [9.0, 0.3744029998779297], "22": [6.0, 0.23472023010253906], "23": [9.0, 0.23585748672485352], "24": [7.0, 0.2580423355102539], "2": [8.0, 0.32473015785217285], "26": [9.0, 0.22342538833618164], "27": [7.0, 0.24734282493591309], "28": [6.0, 0.19295692443847656], "29": [7.0, 0.2651691436767578], "30": [8.0, 0.27976059913635254], "31": [12.0, 0.5490531921386719], "32": [5.0, 0.12229061126708984], "33": [4.0, 0.08225250244140625], "34": [11.0, 0.4695277214050293], "35": [7.0, 0.16512560844421387], "19": [5.0, 0.1245424747467041], "36": [9.0, 0.3012266159057617], "37": [7.0, 0.21296238899230957], "38": [5.0, 0.11816167831420898], "25": [8.0, 0.2795841693878174], "39": [8.0, 0.2443556785583496], "40": [7.0, 0.1782398223876953], "41": [9.0, 0.19901394844055176], "42": [6.0, 0.19303011894226074], "43": [6.0, 0.1311790943145752], "44": [7.0, 0.24732136726379395], "45": [8.0, 0.27449798583984375], "46": [9.0, 0.26463937759399414], "47": [9.0, 0.41077089309692383], "48": [9.0, 0.32251667976379395], "49": [10.0, 0.5119211673736572], "50": [11.0, 0.4372901916503906], "51": [10.0, 0.44626855850219727], "52": [7.0, 0.11275601387023926], "53": [7.0, 0.25791049003601074], "54": [8.0, 0.19667983055114746], "55": [10.0, 0.492199182510376], "56": [11.0, 0.8643338680267334], "57": [8.0, 0.15007448196411133], "58": [7.0, 0.21971964836120605], "59": [4.0, 0.08455204963684082], "60": [8.0, 0.2792367935180664], "61": [13.0, 0.6863090991973877], "62": [10.0, 0.28140854835510254], "63": [10.0, 0.5178396701812744], "64": [10.0, 0.5645558834075928], "65": [10.0, 0.2623419761657715], "66": [8.0, 0.24348044395446777], "67": [5.0, 0.07178544998168945], "68": [12.0, 0.5545380115509033], "69": [6.0, 0.13900971412658691], "70": [8.0, 0.33171987533569336], "71": [7.0, 0.14253664016723633], "72": [8.0, 0.3040764331817627], "73": [10.0, 0.43186378479003906], "74": [6.0, 0.20166492462158203], "75": [10.0, 0.43505430221557617], "76": [10.0, 0.22879862785339355], "77": [8.0, 0.32916855812072754], "78": [8.0, 0.3768634796142578], "79": [10.0, 0.48380279541015625], "80": [7.0, 0.26889753341674805], "81": [11.0, 0.6027994155883789], "82": [10.0, 0.49463868141174316], "83": [15.0, 1.0852546691894531], "84": [10.0, 0.6085405349731445], "85": [8.0, 0.27961015701293945], "86": [5.0, 0.1199038028717041], "87": [8.0, 0.19889187812805176], "88": [7.0, 0.1640632152557373], "89": [5.0, 0.08883905410766602], "90": [12.0, 0.5493521690368652], "91": [12.0, 0.7573041915893555], "92": [12.0, 0.5440008640289307], "93": [8.0, 0.2867393493652344], "94": [5.0, 0.1877150535583496], "95": [8.0, 0.2412426471710205], "96": [9.0, 0.20697283744812012], "97": [12.0, 0.9668989181518555], "98": [9.0, 0.46085667610168457], "99": [7.0, 0.2798607349395752], "100": [5.0, 0.12068772315979004], "101": [7.0, 0.20177340507507324], "102": [9.0, 0.18254303932189941], "103": [7.0, 0.219954252243042], "104": [10.0, 0.351543664932251], "105": [8.0, 0.15310144424438477], "106": [8.0, 0.38007545471191406], "107": [6.0, 0.1378650665283203], "108": [3.0, 0.07247734069824219], "109": [11.0, 0.3131723403930664], "110": [7.0, 0.18828916549682617], "111": [8.0, 0.3850739002227783], "112": [8.0, 0.2077634334564209], "113": [11.0, 0.6714212894439697], "114": [13.0, 0.856450080871582], "115": [9.0, 0.30011892318725586], "116": [8.0, 0.3793625831604004], "117": [8.0, 0.18144607543945312], "118": [9.0, 0.4090423583984375], "119": [5.0, 0.08473658561706543], "120": [6.0, 0.19317054748535156], "121": [10.0, 0.36657285690307617], "122": [10.0, 0.5143256187438965], "123": [9.0, 0.25985097885131836], "124": [6.0, 0.13220453262329102]}