{"1": [4.0, 2.2713658809661865], "0": [4.0, 1.4434022903442383], "2": [4.0, 1.7537684440612793], "3": [4.0, 1.6217482089996338], "4": [4.0, 1.832700252532959], "5": [4.0, 1.407935619354248], "6": [4.0, 2.0322909355163574], "7": [4.0, 1.6957850456237793], "8": [4.0, 2.686187267303467], "9": [4.0, 1.8503496646881104], "10": [4.0, 2.0824949741363525], "11": [4.0, 2.972440004348755], "12": [4.0, 1.3840444087982178], "13": [4.0, 3.8669281005859375], "14": [4.0, 1.5909428596496582], "15": [4.0, 2.017019033432007], "16": [4.0, 1.2716808319091797], "17": [4.0, 1.5926234722137451], "18": [4.0, 2.865281343460083], "19": [4.0, 0.9980692863464355], "20": [4.0, 1.9119606018066406], "21": [4.0, 1.2412431240081787], "22": [4.0, 1.909473180770874], "23": [4.0, 1.2737493515014648], "24": [4.0, 1.2751178741455078], "25": [4.0, 2.1306049823760986], "26": [4.0, 2.111055374145508], "27": [4.0, 1.8370516300201416], "28": [4.0, 1.7788076400756836], "29": [4.0, 1.2580673694610596], "30": [4.0, 3.1800594329833984], "31": [4.0, 1.9488732814788818], "32": [4.0, 2.050974130630493], "33": [4.0, 1.6834120750427246], "34": [4.0, 1.852717638015747], "35": [4.0, 1.8080356121063232], "36": [4.0, 1.996023416519165], "37": [4.0, 3.2268528938293457], "38": [4.0, 1.7040503025054932], "39": [4.0, 1.8786108493804932], "40": [4.0, 1.8853189945220947], "41": [4.0, 4.9020469188690186], "42": [4.0, 7.247958421707153], "43": [4.0, 2.9794135093688965], "44": [4.0, 1.011883020401001], "45": [4.0, 1.5729568004608154], "46": [4.0, 1.8994102478027344], "47": [4.0, 1.2959461212158203], "48": [4.0, 1.7443995475769043], "49": [4.0, 1.7395257949829102], "50": [4.0, 1.2744667530059814], "51": [4.0, 1.2157649993896484], "52": [4.0, 2.7048585414886475], "53": [4.0, 1.6493959426879883], "54": [4.0, 1.3870453834533691], "55": [4.0, 1.577538013458252], "56": [4.0, 1.8453044891357422], "57": [4.0, 2.053971290588379], "58": [4.0, 2.3483855724334717], "59": [4.0, 2.829415798187256], "60": [4.0, 1.795008659362793], "61": [4.0, 1.321317434310913], "62": [4.0, 2.254025936126709], "63": [4.0, 2.801760196685791], "64": [4.0, 2.0426077842712402], "65": [4.0, 1.2725074291229248], "66": [4.0, 1.3294217586517334], "67": [4.0, 1.319063425064087], "68": [4.0, 1.164322853088379], "69": [4.0, 1.2964973449707031], "70": [3.0, 1.424226999282837], "71": [4.0, 1.9513609409332275], "72": [4.0, 2.0131242275238037], "73": [4.0, 1.225128412246704], "74": [4.0, 2.0537898540496826], "75": [4.0, 1.0281288623809814], "76": [4.0, 3.5509157180786133], "77": [4.0, 1.3574600219726562], "78": [4.0, 1.469304084777832], "79": [4.0, 1.8712055683135986], "80": [4.0, 1.226736068725586], "81": [4.0, 1.881636619567871], "82": [4.0, 1.5851657390594482], "83": [4.0, 2.28507137298584], "84": [4.0, 1.7206287384033203], "85": [4.0, 0.9583408832550049], "86": [4.0, 3.0033326148986816], "87": [4.0, 2.053415298461914], "88": [4.0, 1.394301414489746], "89": [4.0, 2.34393572807312], "90": [4.0, 1.543851375579834], "91": [4.0, 1.4677915573120117], "92": [4.0, 3.527353286743164], "93": [4.0, 1.503537893295288], "94": [4.0, 1.3986566066741943], "95": [4.0, 1.5104939937591553], "96": [4.0, 1.50535249710083], "97": [4.0, 1.3028781414031982], "98": [4.0, 2.7462260723114014], "99": [4.0, 1.925041675567627], "100": [4.0, 1.8698720932006836], "101": [4.0, 1.1946005821228027], "102": [4.0, 1.3169434070587158], "103": [4.0, 1.4712998867034912], "104": [4.0, 1.2354357242584229], "105": [4.0, 1.6724388599395752], "106": [4.0, 1.9683637619018555], "107": [4.0, 1.5720877647399902], "108": [4.0, 2.502228021621704], "109": [4.0, 2.4269320964813232], "110": [4.0, 3.0256540775299072], "111": [4.0, 1.4177958965301514], "112": [4.0, 1.644515037536621], "113": [4.0, 1.4559636116027832], "114": [4.0, 1.5952072143554688], "115": [4.0, 1.1920902729034424], "116": [4.0, 1.5557279586791992], "117": [4.0, 1.8561036586761475], "118": [4.0, 1.4684045314788818], "119": [4.0, 1.7994952201843262], "120": [4.0, 1.1419177055358887], "121": [4.0, 1.0658392906188965], "122": [4.0, 1.5341463088989258], "123": [4.0, 1.2287542819976807], "124": [4.0, 1.460559606552124]}