{"4": [10.0, 0.3348867893218994], "0": [7.0, 0.14215707778930664], "5": [9.0, 0.18683886528015137], "1": [7.0, 0.17345690727233887], "7": [9.0, 0.24489307403564453], "3": [5.0, 0.059240102767944336], "8": [9.0, 0.1395578384399414], "10": [10.0, 0.3551201820373535], "12": [10.0, 0.32630491256713867], "13": [11.0, 0.42430686950683594], "6": [7.0, 0.20322608947753906], "14": [9.0, 0.32815003395080566], "15": [9.0, 0.16524386405944824], "9": [7.0, 0.11489415168762207], "11": [8.0, 0.13386106491088867], "16": [10.0, 0.18893218040466309], "17": [7.0, 0.17621207237243652], "18": [7.0, 0.12557196617126465], "20": [4.0, 0.037596702575683594], "21": [9.0, 0.24370503425598145], "22": [6.0, 0.15926909446716309], "23": [9.0, 0.1554431915283203], "24": [7.0, 0.17069005966186523], "2": [8.0, 0.21103620529174805], "26": [9.0, 0.14784693717956543], "27": [7.0, 0.1648240089416504], "28": [6.0, 0.1315929889678955], "29": [7.0, 0.1778409481048584], "30": [8.0, 0.18856000900268555], "31": [12.0, 0.35940074920654297], "32": [5.0, 0.07915115356445312], "33": [4.0, 0.0529327392578125], "34": [11.0, 0.3091719150543213], "35": [7.0, 0.10725927352905273], "19": [5.0, 0.08369779586791992], "36": [9.0, 0.19304800033569336], "37": [7.0, 0.14031004905700684], "38": [5.0, 0.07950592041015625], "25": [8.0, 0.1852250099182129], "39": [8.0, 0.1596519947052002], "40": [7.0, 0.1173250675201416], "41": [9.0, 0.13066387176513672], "42": [6.0, 0.1294262409210205], "43": [6.0, 0.08557486534118652], "44": [7.0, 0.16157984733581543], "45": [8.0, 0.17871594429016113], "46": [9.0, 0.17305302619934082], "47": [9.0, 0.2714252471923828], "48": [9.0, 0.20957684516906738], "49": [10.0, 0.33391404151916504], "50": [11.0, 0.2878551483154297], "51": [10.0, 0.29231882095336914], "52": [7.0, 0.0741567611694336], "53": [7.0, 0.17401480674743652], "54": [8.0, 0.13057613372802734], "55": [10.0, 0.3248920440673828], "56": [12.0, 0.5727338790893555], "57": [8.0, 0.1005868911743164], "58": [7.0, 0.1479628086090088], "59": [4.0, 0.05342388153076172], "60": [8.0, 0.18290495872497559], "61": [13.0, 0.46273207664489746], "62": [10.0, 0.18550705909729004], "63": [10.0, 0.33830809593200684], "64": [10.0, 0.3696403503417969], "65": [10.0, 0.17412400245666504], "66": [8.0, 0.1625669002532959], "67": [5.0, 0.047547101974487305], "68": [12.0, 0.3706660270690918], "69": [6.0, 0.09110116958618164], "70": [8.0, 0.21734881401062012], "71": [7.0, 0.09213709831237793], "72": [8.0, 0.20480680465698242], "73": [10.0, 0.2851221561431885], "74": [6.0, 0.12922906875610352], "75": [10.0, 0.2832820415496826], "76": [10.0, 0.15075993537902832], "77": [8.0, 0.21332311630249023], "78": [8.0, 0.25058507919311523], "79": [10.0, 0.3179819583892822], "80": [7.0, 0.1780078411102295], "81": [11.0, 0.3953211307525635], "82": [10.0, 0.31911492347717285], "83": [15.0, 0.7293102741241455], "84": [10.0, 0.4962480068206787], "85": [8.0, 0.18481111526489258], "86": [5.0, 0.08036375045776367], "87": [8.0, 0.13149595260620117], "88": [7.0, 0.10771703720092773], "89": [5.0, 0.05891990661621094], "90": [12.0, 0.3621242046356201], "91": [12.0, 0.49582600593566895], "92": [12.0, 0.3503711223602295], "93": [8.0, 0.18541502952575684], "94": [5.0, 0.1287529468536377], "95": [8.0, 0.16057300567626953], "96": [9.0, 0.13678789138793945], "97": [12.0, 0.4891550540924072], "98": [9.0, 0.23131489753723145], "99": [7.0, 0.17680835723876953], "100": [5.0, 0.08024811744689941], "101": [7.0, 0.13380002975463867], "102": [9.0, 0.11937403678894043], "103": [7.0, 0.1396160125732422], "104": [10.0, 0.23296523094177246], "105": [8.0, 0.10148191452026367], "106": [8.0, 0.2519810199737549], "107": [6.0, 0.08674407005310059], "108": [3.0, 0.04913902282714844], "109": [11.0, 0.21045207977294922], "110": [7.0, 0.1254408359527588], "111": [8.0, 0.24938583374023438], "112": [8.0, 0.1433730125427246], "113": [11.0, 0.44896483421325684], "114": [13.0, 0.5708889961242676], "115": [9.0, 0.19754505157470703], "116": [8.0, 0.2557802200317383], "117": [8.0, 0.12051081657409668], "118": [9.0, 0.2671539783477783], "119": [5.0, 0.05741691589355469], "120": [6.0, 0.13112688064575195], "121": [10.0, 0.24018168449401855], "122": [10.0, 0.335054874420166], "123": [9.0, 0.1708512306213379], "124": [6.0, 0.08841204643249512]}