{"4": [10, 0.0002734661102294922], "0": [7, 0.00016427040100097656], "5": [9, 0.0003376007080078125], "1": [7, 0.0001704692840576172], "7": [9, 0.00027060508728027344], "3": [5, 0.00014328956604003906], "8": [9, 0.0004298686981201172], "10": [10, 0.00032830238342285156], "12": [10, 0.0002562999725341797], "13": [11, 0.0003383159637451172], "6": [7, 0.00015497207641601562], "14": [9, 0.00016641616821289062], "15": [9, 0.0003783702850341797], "9": [7, 0.0002532005310058594], "11": [8, 0.0002961158752441406], "16": [10, 0.000453948974609375], "17": [7, 0.0001380443572998047], "18": [7, 0.0001995563507080078], "20": [4, 0.00011563301086425781], "21": [9, 0.00030422210693359375], "22": [6, 0.00013518333435058594], "23": [9, 0.0004584789276123047], "24": [7, 0.00016951560974121094], "2": [8, 0.00021767616271972656], "26": [9, 0.0003452301025390625], "27": [7, 0.00019407272338867188], "28": [6, 0.00013303756713867188], "29": [7, 0.0001347064971923828], "30": [8, 0.0001850128173828125], "31": [12, 0.0003924369812011719], "32": [5, 0.0001316070556640625], "33": [4, 0.00010728836059570312], "34": [11, 0.0005276203155517578], "35": [7, 0.00022101402282714844], "19": [5, 0.0001087188720703125], "36": [9, 0.0002486705780029297], "37": [7, 0.00019812583923339844], "38": [5, 0.00011348724365234375], "25": [8, 0.00019931793212890625], "39": [8, 0.00023984909057617188], "40": [7, 0.0002486705780029297], "41": [9, 0.0004513263702392578], "42": [6, 0.0001361370086669922], "43": [6, 0.00016450881958007812], "44": [7, 0.00019407272338867188], "45": [8, 0.0002205371856689453], "46": [9, 0.00036525726318359375], "47": [9, 0.00022482872009277344], "48": [9, 0.0004146099090576172], "49": [10, 0.00028705596923828125], "50": [11, 0.0005588531494140625], "51": [10, 0.00042700767517089844], "52": [7, 0.00036144256591796875], "53": [7, 0.00015997886657714844], "54": [8, 0.000286102294921875], "55": [10, 0.000255584716796875], "56": [12, 0.00026297569274902344], "57": [8, 0.0004611015319824219], "58": [7, 0.0001811981201171875], "59": [4, 9.179115295410156e-05], "60": [8, 0.0002911090850830078], "61": [13, 0.0006976127624511719], "62": [10, 0.00038623809814453125], "63": [10, 0.0003056526184082031], "64": [10, 0.0002510547637939453], "65": [10, 0.0004558563232421875], "66": [8, 0.00023412704467773438], "67": [5, 0.00022292137145996094], "68": [12, 0.0005428791046142578], "69": [6, 0.0002181529998779297], "70": [8, 0.0001938343048095703], "71": [7, 0.0003044605255126953], "72": [8, 0.00022840499877929688], "73": [10, 0.0002944469451904297], "74": [6, 0.00014209747314453125], "75": [10, 0.00029349327087402344], "76": [10, 0.0005726814270019531], "77": [8, 0.0002231597900390625], "78": [8, 0.00016164779663085938], "79": [10, 0.000347137451171875], "80": [7, 0.00013637542724609375], "81": [11, 0.00036597251892089844], "82": [10, 0.0002944469451904297], "83": [15, 0.0010671615600585938], "84": [10, 0.00019240379333496094], "85": [8, 0.00018215179443359375], "86": [5, 0.00011301040649414062], "87": [8, 0.0002593994140625], "88": [7, 0.0002684593200683594], "89": [5, 0.00013446807861328125], "90": [12, 0.0006186962127685547], "91": [12, 0.0002903938293457031], "92": [12, 0.0004038810729980469], "93": [8, 0.00018668174743652344], "94": [5, 9.107589721679688e-05], "95": [8, 0.0003008842468261719], "96": [9, 0.0004756450653076172], "97": [12, 0.00032258033752441406], "98": [9, 0.0002579689025878906], "99": [7, 0.00013685226440429688], "100": [5, 0.00015044212341308594], "101": [7, 0.00019288063049316406], "102": [9, 0.0003955364227294922], "103": [7, 0.0001590251922607422], "104": [10, 0.0004222393035888672], "105": [8, 0.00043392181396484375], "106": [8, 0.00019288063049316406], "107": [6, 0.00020956993103027344], "108": [3, 7.581710815429688e-05], "109": [11, 0.0006649494171142578], "110": [7, 0.00022792816162109375], "111": [8, 0.00016164779663085938], "112": [8, 0.00026535987854003906], "113": [11, 0.0002505779266357422], "114": [13, 0.0004038810729980469], "115": [9, 0.00025582313537597656], "116": [8, 0.00019097328186035156], "117": [8, 0.0002989768981933594], "118": [9, 0.0002841949462890625], "119": [5, 0.00018739700317382812], "120": [6, 0.00013208389282226562], "121": [10, 0.0006504058837890625], "122": [10, 0.0002269744873046875], "123": [9, 0.0002956390380859375], "124": [6, 0.00015926361083984375]}