{"1": [8, 0.01868748664855957], "0": [8, 0.019535303115844727], "2": [8, 0.01859307289123535], "3": [8, 0.015109777450561523], "4": [8, 0.007917642593383789], "5": [8, 0.014519453048706055], "6": [7, 0.011259794235229492], "7": [8, 0.010500669479370117], "8": [8, 0.012273550033569336], "9": [8, 0.01726698875427246], "10": [8, 0.012377738952636719], "11": [8, 0.01407766342163086], "12": [9, 0.014454126358032227], "13": [8, 0.012601375579833984], "14": [8, 0.010966777801513672], "15": [8, 0.012477874755859375], "16": [8, 0.02293992042541504], "17": [8, 0.024385452270507812], "18": [9, 0.0174713134765625], "19": [8, 0.011235475540161133], "20": [7, 0.013259649276733398], "21": [8, 0.010843753814697266], "22": [8, 0.015340566635131836], "23": [8, 0.027113676071166992], "24": [8, 0.013724803924560547], "25": [8, 0.022876262664794922], "26": [8, 0.007940053939819336], "27": [8, 0.01806354522705078], "28": [8, 0.009184837341308594], "29": [8, 0.017192363739013672], "30": [7, 0.009816646575927734], "31": [8, 0.009124517440795898], "32": [8, 0.025035619735717773], "33": [7, 0.01107645034790039], "34": [7, 0.013920068740844727], "35": [8, 0.014282703399658203], "36": [7, 0.010431051254272461], "37": [8, 0.014640092849731445], "38": [7, 0.007379055023193359], "39": [8, 0.019459009170532227], "40": [8, 0.008002996444702148], "41": [8, 0.0073795318603515625], "42": [8, 0.009516239166259766], "43": [8, 0.012790679931640625], "44": [8, 0.01412820816040039], "45": [8, 0.013178825378417969], "46": [8, 0.016476869583129883], "47": [8, 0.022780418395996094], "48": [8, 0.010484457015991211], "49": [7, 0.011022329330444336], "50": [8, 0.01548910140991211], "51": [8, 0.012058258056640625], "52": [8, 0.011670827865600586], "53": [8, 0.024280309677124023], "54": [8, 0.010242938995361328], "55": [7, 0.016042470932006836], "56": [8, 0.0171663761138916], "57": [8, 0.01901412010192871], "58": [8, 0.01974320411682129], "59": [8, 0.01427912712097168], "60": [8, 0.011602640151977539], "61": [8, 0.011188983917236328], "62": [8, 0.010954618453979492], "63": [8, 0.013414621353149414], "64": [8, 0.016246795654296875], "65": [9, 0.021714210510253906], "66": [8, 0.009260416030883789], "67": [8, 0.0131683349609375], "68": [7, 0.0070247650146484375], "69": [7, 0.0063059329986572266], "70": [7, 0.008351564407348633], "71": [7, 0.010712146759033203], "72": [8, 0.009349822998046875], "73": [8, 0.009491920471191406], "74": [7, 0.010245561599731445], "75": [8, 0.006224870681762695], "76": [7, 0.008216619491577148], "77": [8, 0.014401912689208984], "78": [8, 0.020942211151123047], "79": [8, 0.01213383674621582], "80": [7, 0.009606122970581055], "81": [8, 0.013724327087402344], "82": [8, 0.013048410415649414], "83": [8, 0.016860008239746094], "84": [8, 0.016002178192138672], "85": [8, 0.010859251022338867], "86": [8, 0.012876510620117188], "87": [7, 0.006764411926269531], "88": [8, 0.007288694381713867], "89": [8, 0.00867152214050293], "90": [8, 0.01784539222717285], "91": [7, 0.011328697204589844], "92": [8, 0.02170872688293457], "93": [8, 0.012965679168701172], "94": [9, 0.011034011840820312], "95": [7, 0.009753227233886719], "96": [8, 0.006424903869628906], "97": [8, 0.015621185302734375], "98": [8, 0.012859106063842773], "99": [8, 0.018635272979736328], "100": [8, 0.01285099983215332], "101": [8, 0.014963865280151367], "102": [8, 0.018023014068603516], "103": [8, 0.015048980712890625], "104": [8, 0.009437322616577148], "105": [8, 0.018187522888183594], "106": [8, 0.007872581481933594], "107": [8, 0.014881134033203125], "108": [8, 0.012844324111938477], "109": [8, 0.013109445571899414], "110": [8, 0.008592844009399414], "111": [8, 0.012452840805053711], "112": [8, 0.014164209365844727], "113": [8, 0.019095420837402344], "114": [8, 0.015781641006469727], "115": [8, 0.00982522964477539], "116": [7, 0.005990266799926758], "117": [8, 0.014250040054321289], "118": [8, 0.00904989242553711], "119": [8, 0.011414289474487305], "120": [8, 0.010712146759033203], "121": [8, 0.018503189086914062], "122": [8, 0.019772768020629883], "123": [8, 0.009902715682983398], "124": [9, 0.014287948608398438]}