{"1": [4, 0.002987384796142578], "0": [4, 0.003384113311767578], "2": [4, 0.003551006317138672], "3": [4, 0.0031545162200927734], "4": [4, 0.002597808837890625], "5": [4, 0.0031316280364990234], "6": [4, 0.003010988235473633], "7": [4, 0.0029723644256591797], "8": [4, 0.0034027099609375], "9": [4, 0.0035088062286376953], "10": [4, 0.0032401084899902344], "11": [4, 0.003029346466064453], "12": [4, 0.003142833709716797], "13": [4, 0.0030176639556884766], "14": [4, 0.003143787384033203], "15": [4, 0.0031821727752685547], "16": [4, 0.002899169921875], "17": [4, 0.0031766891479492188], "18": [4, 0.0028111934661865234], "19": [4, 0.002856016159057617], "20": [4, 0.0029790401458740234], "21": [4, 0.003143310546875], "22": [4, 0.0029273033142089844], "23": [4, 0.002854585647583008], "24": [4, 0.0029218196868896484], "25": [4, 0.0031080245971679688], "26": [4, 0.00321197509765625], "27": [4, 0.0028791427612304688], "28": [4, 0.003082752227783203], "29": [4, 0.00284576416015625], "30": [4, 0.0030198097229003906], "31": [4, 0.003422975540161133], "32": [4, 0.0030126571655273438], "33": [4, 0.003492593765258789], "34": [4, 0.0031714439392089844], "35": [4, 0.0032296180725097656], "36": [4, 0.003306150436401367], "37": [4, 0.0032868385314941406], "38": [4, 0.0030410289764404297], "39": [4, 0.0033142566680908203], "40": [4, 0.0029740333557128906], "41": [4, 0.0028772354125976562], "42": [4, 0.003247976303100586], "43": [4, 0.0030083656311035156], "44": [4, 0.002733469009399414], "45": [4, 0.0030090808868408203], "46": [4, 0.0029833316802978516], "47": [4, 0.003028392791748047], "48": [4, 0.0033898353576660156], "49": [4, 0.0033736228942871094], "50": [4, 0.0031986236572265625], "51": [4, 0.003249645233154297], "52": [4, 0.0031251907348632812], "53": [4, 0.002933979034423828], "54": [4, 0.0030660629272460938], "55": [4, 0.003560304641723633], "56": [4, 0.003442049026489258], "57": [4, 0.0030629634857177734], "58": [4, 0.0034465789794921875], "59": [4, 0.0028963088989257812], "60": [4, 0.003331899642944336], "61": [4, 0.0028820037841796875], "62": [4, 0.0027163028717041016], "63": [4, 0.0026786327362060547], "64": [4, 0.003357410430908203], "65": [4, 0.003429889678955078], "66": [4, 0.003031015396118164], "67": [4, 0.0031585693359375], "68": [4, 0.003504037857055664], "69": [4, 0.0032415390014648438], "70": [3, 0.0030443668365478516], "71": [4, 0.0028007030487060547], "72": [4, 0.003197908401489258], "73": [4, 0.003363370895385742], "74": [4, 0.002674102783203125], "75": [4, 0.002954721450805664], "76": [4, 0.0030257701873779297], "77": [4, 0.0034399032592773438], "78": [4, 0.00328826904296875], "79": [4, 0.0027742385864257812], "80": [4, 0.0033233165740966797], "81": [4, 0.003486156463623047], "82": [4, 0.0033648014068603516], "83": [4, 0.002989053726196289], "84": [4, 0.0028984546661376953], "85": [4, 0.002890348434448242], "86": [4, 0.0030705928802490234], "87": [4, 0.003106832504272461], "88": [4, 0.0035026073455810547], "89": [4, 0.002958059310913086], "90": [4, 0.003049612045288086], "91": [4, 0.003139495849609375], "92": [4, 0.0030753612518310547], "93": [4, 0.0031957626342773438], "94": [4, 0.0036602020263671875], "95": [4, 0.0030486583709716797], "96": [4, 0.002930879592895508], "97": [4, 0.0030372142791748047], "98": [4, 0.003000974655151367], "99": [4, 0.0032095909118652344], "100": [4, 0.003434896469116211], "101": [4, 0.0032346248626708984], "102": [4, 0.0029685497283935547], "103": [4, 0.003193378448486328], "104": [4, 0.003149747848510742], "105": [4, 0.0033631324768066406], "106": [4, 0.0032644271850585938], "107": [4, 0.0033195018768310547], "108": [4, 0.0032796859741210938], "109": [4, 0.003059864044189453], "110": [4, 0.003093242645263672], "111": [4, 0.0036344528198242188], "112": [4, 0.003036975860595703], "113": [4, 0.0030875205993652344], "114": [4, 0.003038167953491211], "115": [4, 0.003381490707397461], "116": [4, 0.0029065608978271484], "117": [4, 0.0032434463500976562], "118": [4, 0.0029325485229492188], "119": [4, 0.0034422874450683594], "120": [4, 0.0033223628997802734], "121": [4, 0.003168821334838867], "122": [4, 0.0031626224517822266], "123": [4, 0.002880096435546875], "124": [4, 0.0026502609252929688]}