{"0": [4, 0.00010824203491210938], "9": [2, 6.914138793945312e-05], "18": [2, 5.125999450683594e-05], "21": [2, 5.221366882324219e-05], "24": [2, 5.054473876953125e-05], "1": [4, 6.771087646484375e-05], "10": [2, 5.245208740234375e-05], "27": [2, 6.794929504394531e-05], "30": [2, 5.340576171875e-05], "33": [2, 5.221366882324219e-05], "2": [4, 6.890296936035156e-05], "11": [2, 5.435943603515625e-05], "36": [2, 6.771087646484375e-05], "39": [2, 5.0067901611328125e-05], "42": [2, 5.0067901611328125e-05], "3": [4, 6.890296936035156e-05], "12": [2, 5.269050598144531e-05], "22": [2, 5.269050598144531e-05], "28": [2, 6.794929504394531e-05], "43": [2, 4.935264587402344e-05], "4": [4, 6.699562072753906e-05], "13": [2, 5.125999450683594e-05], "19": [2, 5.14984130859375e-05], "31": [2, 5.125999450683594e-05], "40": [2, 8.20159912109375e-05], "5": [4, 8.559226989746094e-05], "14": [2, 6.556510925292969e-05], "25": [2, 5.0067901611328125e-05], "34": [2, 5.054473876953125e-05], "37": [2, 4.982948303222656e-05], "6": [4, 9.489059448242188e-05], "15": [2, 5.0067901611328125e-05], "26": [2, 6.318092346191406e-05], "32": [2, 8.7738037109375e-05], "44": [2, 5.0067901611328125e-05], "7": [4, 6.842613220214844e-05], "16": [2, 5.14984130859375e-05], "23": [2, 5.0067901611328125e-05], "35": [2, 6.246566772460938e-05], "41": [2, 4.7206878662109375e-05], "8": [4, 6.341934204101562e-05], "17": [2, 4.982948303222656e-05], "20": [2, 4.887580871582031e-05], "29": [2, 4.863739013671875e-05], "38": [2, 4.8160552978515625e-05]}