{"0": [8, 0.19936561584472656], "1": [8, 0.19060635566711426], "2": [7, 0.1110544204711914], "3": [8, 0.0575864315032959], "4": [7, 0.07905197143554688], "5": [8, 0.1412663459777832], "6": [7, 0.11876869201660156], "7": [7, 0.17465734481811523], "9": [8, 0.18880796432495117], "10": [8, 0.17969989776611328], "11": [7, 0.1790001392364502], "12": [7, 0.08602309226989746], "13": [8, 0.1751086711883545], "14": [8, 0.13473081588745117], "16": [7, 0.13898563385009766], "17": [7, 0.0766298770904541], "18": [7, 0.04403424263000488], "19": [7, 0.06168627738952637], "20": [8, 0.08440136909484863], "21": [8, 0.20616793632507324], "22": [7, 0.14998197555541992], "23": [7, 0.07705187797546387], "24": [7, 0.0718238353729248], "26": [8, 0.15434813499450684], "27": [7, 0.09354519844055176], "29": [8, 0.09347748756408691], "30": [7, 0.10654711723327637], "31": [8, 0.09855198860168457], "32": [7, 0.08576798439025879], "33": [8, 0.1856856346130371], "34": [7, 0.13395071029663086], "35": [7, 0.10983133316040039], "36": [7, 0.12251973152160645], "37": [7, 0.04765725135803223], "38": [7, 0.12508153915405273], "39": [7, 0.06056475639343262], "40": [7, 0.17779231071472168], "41": [7, 0.15062355995178223], "42": [7, 0.07863378524780273], "43": [7, 0.07283544540405273], "44": [8, 0.10437130928039551], "45": [8, 0.1363842487335205], "46": [8, 0.11453676223754883], "47": [7, 0.049190521240234375], "48": [7, 0.04977893829345703], "49": [8, 0.17568588256835938], "50": [7, 0.12364578247070312], "51": [7, 0.08690309524536133], "52": [7, 0.15517306327819824], "54": [7, 0.12892651557922363], "56": [8, 0.09495782852172852], "57": [8, 0.08404278755187988], "58": [7, 0.08893179893493652], "59": [7, 0.1894822120666504], "60": [7, 0.1451115608215332], "61": [7, 0.16597580909729004], "62": [7, 0.08413147926330566], "63": [8, 0.1858515739440918], "64": [8, 0.18268346786499023], "65": [8, 0.19655179977416992], "67": [7, 0.086669921875], "68": [8, 0.22742605209350586], "69": [7, 0.10356259346008301], "70": [8, 0.12985825538635254], "71": [7, 0.17409944534301758], "72": [7, 0.12647247314453125], "73": [8, 0.12728667259216309], "74": [7, 0.06159520149230957], "75": [7, 0.06258296966552734], "76": [8, 0.13520193099975586], "77": [7, 0.1275620460510254], "78": [7, 0.08339285850524902], "79": [8, 0.13124871253967285], "81": [7, 0.15801095962524414], "83": [7, 0.10805654525756836], "84": [7, 0.1401958465576172], "85": [7, 0.149702787399292], "86": [7, 0.09409308433532715], "87": [7, 0.07147526741027832], "89": [8, 0.1513211727142334], "90": [8, 0.06271815299987793], "91": [8, 0.14423465728759766], "92": [8, 0.15935277938842773], "93": [7, 0.1426835060119629], "94": [8, 0.13943982124328613], "96": [7, 0.13172388076782227], "97": [7, 0.07194113731384277], "98": [8, 0.14522576332092285], "99": [8, 0.11323046684265137], "100": [7, 0.11424851417541504], "101": [7, 0.1117258071899414], "102": [7, 0.09203124046325684], "104": [7, 0.0581972599029541], "105": [8, 0.12160706520080566], "107": [8, 0.19135260581970215], "108": [7, 0.05837821960449219], "109": [7, 0.08520221710205078], "110": [8, 0.10384941101074219], "111": [8, 0.18547344207763672], "112": [8, 0.1977832317352295], "113": [8, 0.1645183563232422], "114": [7, 0.09161615371704102], "115": [8, 0.1905076503753662], "116": [7, 0.09357714653015137], "117": [7, 0.12357163429260254], "118": [7, 0.09560441970825195], "119": [7, 0.10079169273376465], "120": [8, 0.1256113052368164], "121": [7, 0.07016491889953613], "122": [7, 0.0905466079711914], "123": [7, 0.07207751274108887], "124": [7, 0.07890081405639648], "125": [7, 0.06434822082519531], "126": [7, 0.1700594425201416], "127": [8, 0.12720561027526855], "128": [7, 0.06557106971740723], "129": [8, 0.13590550422668457], "130": [7, 0.10638666152954102], "131": [8, 0.21684598922729492], "133": [7, 0.12994813919067383], "134": [7, 0.07843303680419922], "136": [7, 0.07554006576538086], "137": [7, 0.09504866600036621], "139": [7, 0.12868380546569824], "140": [7, 0.12323474884033203], "141": [7, 0.11400675773620605], "142": [7, 0.17483258247375488], "143": [8, 0.13445711135864258], "144": [7, 0.10849595069885254], "145": [7, 0.0718996524810791], "146": [8, 0.11145758628845215], "147": [8, 0.20600056648254395], "148": [7, 0.05465531349182129], "149": [8, 0.1538257598876953], "150": [7, 0.08366680145263672], "151": [7, 0.09359383583068848], "153": [8, 0.17923903465270996], "154": [8, 0.17755889892578125], "155": [7, 0.07209587097167969], "156": [7, 0.1648242473602295], "158": [7, 0.04886984825134277], "159": [7, 0.07350492477416992], "161": [8, 0.11287236213684082], "163": [8, 0.08552145957946777], "164": [8, 0.07974052429199219], "165": [7, 0.09555959701538086], "166": [8, 0.19547033309936523], "167": [8, 0.1395401954650879], "168": [8, 0.15894770622253418], "169": [8, 0.08546233177185059], "170": [7, 0.07468485832214355], "171": [7, 0.09975385665893555], "173": [7, 0.054061174392700195], "174": [7, 0.08749675750732422], "175": [7, 0.06817388534545898], "176": [7, 0.0669398307800293], "178": [7, 0.0804898738861084], "179": [7, 0.06973099708557129], "180": [7, 0.08422565460205078], "181": [8, 0.09302496910095215], "182": [8, 0.20026516914367676], "183": [8, 0.13495302200317383], "184": [7, 0.07225489616394043], "185": [7, 0.14301300048828125], "186": [8, 0.20416975021362305], "187": [7, 0.07235169410705566], "188": [7, 0.11036872863769531], "190": [7, 0.09820842742919922], "191": [7, 0.07866048812866211], "192": [8, 0.07986927032470703], "193": [8, 0.1722877025604248], "194": [8, 0.13590168952941895], "195": [8, 0.15852618217468262], "197": [7, 0.12719106674194336], "198": [7, 0.07276058197021484], "199": [7, 0.058660030364990234], "200": [7, 0.15563106536865234], "201": [8, 0.1595604419708252], "202": [8, 0.17081069946289062], "203": [8, 0.0994875431060791], "204": [7, 0.05389881134033203], "205": [8, 0.07485079765319824], "206": [8, 0.15864133834838867], "207": [7, 0.07582759857177734], "208": [7, 0.05697274208068848], "209": [8, 0.14862513542175293], "210": [8, 0.12968993186950684], "211": [8, 0.14974308013916016], "212": [7, 0.08083796501159668], "213": [8, 0.10320401191711426], "215": [8, 0.19157099723815918], "216": [8, 0.10647439956665039], "217": [7, 0.10304880142211914], "218": [7, 0.04574465751647949], "219": [7, 0.0901041030883789], "220": [7, 0.10555100440979004], "222": [7, 0.09409093856811523], "223": [8, 0.17067241668701172], "224": [7, 0.09638500213623047], "226": [7, 0.12242507934570312], "227": [8, 0.17614388465881348], "228": [7, 0.16755342483520508], "229": [7, 0.1650550365447998], "230": [7, 0.0645146369934082], "232": [8, 0.17439913749694824], "234": [7, 0.07221364974975586], "235": [7, 0.13447284698486328], "236": [7, 0.06142735481262207], "237": [8, 0.17383694648742676], "238": [7, 0.05133700370788574], "239": [7, 0.08221888542175293], "240": [8, 0.18949079513549805], "241": [7, 0.13450026512145996], "242": [8, 0.15895962715148926], "243": [7, 0.06316518783569336], "244": [7, 0.0832819938659668], "245": [7, 0.09200716018676758], "247": [7, 0.16534137725830078], "248": [8, 0.16031932830810547], "249": [7, 0.05284738540649414], "252": [8, 0.12939047813415527], "253": [7, 0.11716890335083008], "254": [7, 0.04893779754638672], "255": [7, 0.07107782363891602], "256": [8, 0.17820954322814941], "258": [7, 0.06242728233337402], "259": [7, 0.09666991233825684], "260": [7, 0.13732051849365234], "262": [7, 0.07715034484863281], "264": [8, 0.1655120849609375], "265": [7, 0.09077811241149902], "266": [7, 0.08294081687927246], "267": [7, 0.03479266166687012], "268": [8, 0.11028647422790527], "269": [7, 0.08062601089477539], "270": [7, 0.07164335250854492], "272": [7, 0.09412717819213867], "273": [7, 0.054517507553100586], "274": [8, 0.1669783592224121], "275": [7, 0.11590075492858887], "276": [7, 0.08187294006347656], "277": [8, 0.21448874473571777], "278": [8, 0.11607694625854492], "279": [7, 0.05681943893432617], "280": [7, 0.08066558837890625], "281": [8, 0.1915431022644043],