{"1": [4.0, 2.008232593536377], "0": [4.0, 1.4149348735809326], "2": [4.0, 1.4804770946502686], "3": [4.0, 1.2159581184387207], "4": [4.0, 1.6926264762878418], "5": [4.0, 1.3996286392211914], "6": [4.0, 1.7877590656280518], "7": [4.0, 1.4662740230560303], "8": [4.0, 2.2485482692718506], "9": [4.0, 1.6637330055236816], "10": [4.0, 1.8605625629425049], "11": [4.0, 2.533914566040039], "12": [4.0, 1.3987624645233154], "13": [4.0, 2.543640375137329], "14": [4.0, 1.3036274909973145], "15": [4.0, 1.6980688571929932], "16": [4.0, 1.120023250579834], "17": [4.0, 1.246931552886963], "18": [4.0, 2.4618451595306396], "19": [4.0, 0.8776066303253174], "20": [4.0, 1.6043360233306885], "21": [4.0, 1.1367108821868896], "22": [4.0, 1.649045467376709], "23": [4.0, 1.2192840576171875], "24": [4.0, 0.9138219356536865], "25": [4.0, 1.7079720497131348], "26": [4.0, 1.8946337699890137], "27": [4.0, 1.4265213012695312], "28": [4.0, 1.5131700038909912], "29": [4.0, 1.2308597564697266], "30": [4.0, 1.8280744552612305], "31": [4.0, 1.7709860801696777], "32": [4.0, 1.844221830368042], "33": [4.0, 1.513009786605835], "34": [4.0, 1.571897268295288], "35": [4.0, 1.339721441268921], "36": [4.0, 1.7353582382202148], "37": [4.0, 2.793285608291626], "38": [4.0, 1.3830676078796387], "39": [4.0, 1.6230766773223877], "40": [4.0, 1.6641027927398682], "41": [4.0, 1.3139209747314453], "42": [4.0, 2.2584285736083984], "43": [4.0, 2.587278366088867], "44": [4.0, 0.9024484157562256], "45": [4.0, 1.2778050899505615], "46": [4.0, 1.6654140949249268], "47": [4.0, 1.244542121887207], "48": [4.0, 1.515406608581543], "49": [4.0, 1.38539719581604], "50": [4.0, 1.229837417602539], "51": [4.0, 1.1682829856872559], "52": [4.0, 2.103919506072998], "53": [4.0, 1.341496467590332], "54": [4.0, 1.3458337783813477], "55": [4.0, 1.2121529579162598], "56": [4.0, 1.4529125690460205], "57": [4.0, 1.8858797550201416], "58": [4.0, 1.5062131881713867], "59": [4.0, 2.0957558155059814], "60": [4.0, 1.5277762413024902], "61": [4.0, 1.2772538661956787], "62": [4.0, 1.901991844177246], "63": [4.0, 2.5293593406677246], "64": [4.0, 1.7463836669921875], "65": [4.0, 1.2679133415222168], "66": [4.0, 1.455681324005127], "67": [4.0, 1.158789873123169], "68": [4.0, 1.2321135997772217], "69": [4.0, 1.3204553127288818], "70": [3.0, 1.2711241245269775], "71": [4.0, 1.9706027507781982], "72": [4.0, 2.0125415325164795], "73": [4.0, 1.3044888973236084], "74": [4.0, 2.082815408706665], "75": [4.0, 1.063295841217041], "76": [4.0, 2.138930320739746], "77": [4.0, 1.4354913234710693], "78": [4.0, 1.3442962169647217], "79": [4.0, 1.912238597869873], "80": [4.0, 1.2356603145599365], "81": [4.0, 1.7143869400024414], "82": [4.0, 1.4503884315490723], "83": [4.0, 2.3196606636047363], "84": [4.0, 1.5497424602508545], "85": [4.0, 1.008756399154663], "86": [4.0, 2.911487102508545], "87": [4.0, 2.052229166030884], "88": [4.0, 1.4773194789886475], "89": [4.0, 2.369091033935547], "90": [4.0, 1.7700397968292236], "91": [4.0, 1.4316608905792236], "92": [4.0, 2.6032016277313232], "93": [4.0, 1.5981833934783936], "94": [4.0, 1.4144790172576904], "95": [4.0, 1.5090913772583008], "96": [4.0, 1.5312836170196533], "97": [4.0, 1.4387457370758057], "98": [4.0, 2.732170343399048], "99": [4.0, 1.934654712677002], "100": [4.0, 1.8358840942382812], "101": [4.0, 1.207787275314331], "102": [4.0, 1.387899398803711], "103": [4.0, 1.3424086570739746], "104": [4.0, 1.2200469970703125], "105": [4.0, 1.6717755794525146], "106": [4.0, 2.093031167984009], "107": [4.0, 1.6426000595092773], "108": [4.0, 2.476823568344116], "109": [4.0, 1.905304193496704], "110": [4.0, 2.9743876457214355], "111": [4.0, 1.440295696258545], "112": [4.0, 1.603811264038086], "113": [4.0, 1.6458611488342285], "114": [4.0, 1.6185734272003174], "115": [4.0, 1.1450583934783936], "116": [4.0, 1.5445764064788818], "117": [4.0, 1.8480806350708008], "118": [4.0, 1.4814412593841553], "119": [4.0, 1.77459716796875], "120": [4.0, 1.2026896476745605], "121": [4.0, 1.088484287261963], "122": [4.0, 1.4537570476531982], "123": [4.0, 1.3003652095794678], "124": [4.0, 1.4589707851409912]}