{"1": [8.0, 0.512275218963623], "0": [8.0, 1.16066312789917], "2": [8.0, 0.529202938079834], "3": [8.0, 1.1422944068908691], "4": [8.0, 1.0941777229309082], "5": [8.0, 1.3197147846221924], "6": [8.0, 0.4525754451751709], "7": [8.0, 1.1391799449920654], "8": [8.0, 1.178178071975708], "9": [8.0, 1.2864024639129639], "10": [8.0, 0.7648072242736816], "11": [8.0, 0.7383615970611572], "12": [9.0, 1.2552413940429688], "13": [8.0, 0.4340693950653076], "14": [8.0, 0.5687003135681152], "15": [8.0, 1.1574718952178955], "16": [8.0, 0.44507646560668945], "17": [9.0, 0.5977835655212402], "18": [9.0, 1.2764837741851807], "19": [8.0, 1.0807254314422607], "20": [8.0, 0.3953242301940918], "21": [8.0, 1.1560430526733398], "22": [8.0, 0.8716542720794678], "23": [9.0, 0.44854068756103516], "24": [8.0, 1.2013027667999268], "25": [8.0, 0.6697690486907959], "26": [8.0, 1.1465296745300293], "27": [8.0, 0.6092512607574463], "28": [8.0, 0.8780152797698975], "29": [8.0, 0.4277079105377197], "30": [8.0, 0.5742819309234619], "31": [8.0, 1.0938537120819092], "32": [8.0, 0.5680572986602783], "33": [8.0, 0.6099576950073242], "34": [8.0, 0.47122907638549805], "35": [8.0, 0.7015535831451416], "36": [7.0, 0.4097166061401367], "37": [8.0, 0.38533735275268555], "38": [7.0, 0.626535177230835], "39": [8.0, 0.8374161720275879], "40": [8.0, 1.0931541919708252], "41": [8.0, 1.0991673469543457], "42": [8.0, 1.1190099716186523], "43": [8.0, 1.245884895324707], "44": [8.0, 1.2390353679656982], "45": [8.0, 1.1794469356536865], "46": [8.0, 1.0958106517791748], "47": [9.0, 0.6413602828979492], "48": [8.0, 1.1927127838134766], "49": [7.0, 0.3578305244445801], "50": [8.0, 0.5654182434082031], "51": [8.0, 1.1425447463989258], "52": [8.0, 1.124664068222046], "53": [8.0, 0.43024373054504395], "54": [8.0, 1.1483287811279297], "55": [8.0, 0.49713635444641113], "56": [8.0, 0.735419750213623], "57": [8.0, 0.5636191368103027], "58": [8.0, 0.836240291595459], "59": [8.0, 0.6480567455291748], "60": [8.0, 1.156299114227295], "61": [8.0, 1.1536216735839844], "62": [8.0, 1.1216371059417725], "63": [8.0, 0.7021160125732422], "64": [8.0, 0.8955469131469727], "65": [9.0, 1.3448774814605713], "66": [8.0, 1.1625325679779053], "67": [8.0, 0.9624478816986084], "68": [7.0, 0.6288542747497559], "69": [7.0, 1.0508980751037598], "70": [7.0, 0.4605135917663574], "71": [7.0, 0.34317922592163086], "72": [8.0, 1.120236873626709], "73": [8.0, 1.1085586547851562], "74": [8.0, 0.41596341133117676], "75": [8.0, 1.7467877864837646], "76": [7.0, 0.5519406795501709], "77": [8.0, 0.44287919998168945], "78": [8.0, 0.40056800842285156], "79": [8.0, 1.0999536514282227], "80": [7.0, 0.5742647647857666], "81": [8.0, 0.7038867473602295], "82": [8.0, 1.2084214687347412], "83": [8.0, 0.7540099620819092], "84": [8.0, 1.3030774593353271], "85": [8.0, 1.1192445755004883], "86": [8.0, 1.226879596710205], "87": [7.0, 0.4966890811920166], "88": [8.0, 2.1645307540893555], "89": [8.0, 1.1340842247009277], "90": [8.0, 0.5745890140533447], "91": [8.0, 0.4025404453277588], "92": [8.0, 0.4465978145599365], "93": [8.0, 0.6027975082397461], "94": [9.0, 1.709455966949463], "95": [7.0, 0.7215008735656738], "96": [8.0, 1.0850539207458496], "97": [8.0, 0.6044631004333496], "98": [8.0, 1.1409103870391846], "99": [8.0, 0.7317874431610107], "100": [8.0, 1.1565585136413574], "101": [8.0, 0.5147080421447754], "102": [8.0, 0.7583568096160889], "103": [8.0, 1.0381922721862793], "104": [8.0, 1.1660046577453613], "105": [8.0, 0.9609231948852539], "106": [8.0, 1.1187255382537842], "107": [8.0, 0.9178102016448975], "108": [8.0, 0.7070541381835938], "109": [8.0, 0.9609677791595459], "110": [8.0, 1.1490678787231445], "111": [8.0, 1.1430158615112305], "112": [8.0, 0.6058042049407959], "113": [8.0, 0.6164264678955078], "114": [8.0, 0.560659646987915], "115": [8.0, 1.1687712669372559], "116": [7.0, 0.628807783126831], "117": [8.0, 0.3612549304962158], "118": [8.0, 1.1018095016479492], "119": [8.0, 1.1879475116729736], "120": [8.0, 1.1473846435546875], "121": [8.0, 0.6808879375457764], "122": [8.0, 0.8879044055938721], "123": [8.0, 1.1077332496643066], "124": [9.0, 1.982494831085205]}