{"4": [10.0, 1.0522878170013428], "0": [7.0, 0.4631192684173584], "5": [9.0, 0.5952823162078857], "1": [7.0, 0.5467491149902344], "7": [9.0, 0.7752971649169922], "3": [5.0, 0.19102835655212402], "8": [9.0, 0.44035816192626953], "10": [10.0, 1.1261701583862305], "12": [10.0, 1.059502124786377], "13": [11.0, 1.3575451374053955], "6": [7.0, 0.6491773128509521], "14": [9.0, 1.039046287536621], "15": [9.0, 0.5247194766998291], "9": [7.0, 0.3623692989349365], "11": [8.0, 0.4192931652069092], "16": [10.0, 0.5928604602813721], "17": [7.0, 0.5698325634002686], "18": [7.0, 0.41176271438598633], "20": [4.0, 0.11967206001281738], "21": [9.0, 0.7798728942871094], "22": [6.0, 0.5048980712890625], "23": [9.0, 0.5030570030212402], "24": [7.0, 0.5517046451568604], "2": [8.0, 0.6829226016998291], "26": [9.0, 0.47974252700805664], "27": [7.0, 0.5246682167053223], "28": [6.0, 0.4167294502258301], "29": [7.0, 0.571152925491333], "30": [8.0, 0.5964891910552979], "31": [12.0, 1.1468877792358398], "32": [5.0, 0.261059045791626], "33": [4.0, 0.17092180252075195], "34": [11.0, 1.0033791065216064], "35": [7.0, 0.34512829780578613], "19": [5.0, 0.26781749725341797], "36": [9.0, 0.6201741695404053], "37": [7.0, 0.45113277435302734], "38": [5.0, 0.2544736862182617], "25": [8.0, 0.5947206020355225], "39": [8.0, 0.5074920654296875], "40": [7.0, 0.3735952377319336], "41": [9.0, 0.40909409523010254], "42": [6.0, 0.4147341251373291], "43": [6.0, 0.27686190605163574], "44": [7.0, 0.5228180885314941], "45": [8.0, 0.5863640308380127], "46": [9.0, 0.5474319458007812], "47": [9.0, 0.8702185153961182], "48": [9.0, 0.6603164672851562], "49": [10.0, 1.0896003246307373], "50": [11.0, 0.8977401256561279], "51": [10.0, 0.920940637588501], "52": [7.0, 0.23372244834899902], "53": [7.0, 0.5442526340484619], "54": [8.0, 0.4094271659851074], "55": [10.0, 1.0479514598846436], "56": [11.0, 1.8021609783172607], "57": [8.0, 0.3131875991821289], "58": [7.0, 0.47353196144104004], "59": [4.0, 0.1696617603302002], "60": [8.0, 0.5842843055725098], "61": [13.0, 1.4175209999084473], "62": [10.0, 0.5830013751983643], "63": [10.0, 1.085235834121704], "64": [10.0, 1.1910808086395264], "65": [10.0, 0.5604321956634521], "66": [8.0, 0.5343406200408936], "67": [5.0, 0.15226292610168457], "68": [12.0, 1.1349589824676514], "69": [6.0, 0.295560359954834], "70": [8.0, 0.7017312049865723], "71": [7.0, 0.28846216201782227], "72": [8.0, 0.6533796787261963], "73": [10.0, 0.9243028163909912], "74": [6.0, 0.420215368270874], "75": [10.0, 0.9066135883331299], "76": [10.0, 0.46720027923583984], "77": [8.0, 0.6839520931243896], "78": [8.0, 0.8051834106445312], "79": [10.0, 1.0022690296173096], "80": [7.0, 0.5725505352020264], "81": [11.0, 1.2387886047363281], "82": [10.0, 1.0612602233886719], "83": [15.0, 2.28818416595459], "84": [10.0, 1.3081414699554443], "85": [8.0, 0.5910120010375977], "86": [5.0, 0.2541041374206543], "87": [8.0, 0.41737985610961914], "88": [7.0, 0.35137176513671875], "89": [5.0, 0.18972015380859375], "90": [12.0, 1.1317882537841797], "91": [12.0, 1.555492639541626], "92": [12.0, 1.133479356765747], "93": [8.0, 0.5968859195709229], "94": [5.0, 0.4011802673339844], "95": [8.0, 0.5068020820617676], "96": [9.0, 0.4287436008453369], "97": [12.0, 1.5496063232421875], "98": [9.0, 0.7489519119262695], "99": [7.0, 0.5692389011383057], "100": [5.0, 0.2589559555053711], "101": [7.0, 0.43063831329345703], "102": [9.0, 0.3772914409637451], "103": [7.0, 0.4512777328491211], "104": [10.0, 0.7157511711120605], "105": [8.0, 0.32208943367004395], "106": [8.0, 0.8084030151367188], "107": [6.0, 0.2827112674713135], "108": [3.0, 0.16040730476379395], "109": [11.0, 0.6549890041351318], "110": [7.0, 0.40560030937194824], "111": [8.0, 0.8148016929626465], "112": [8.0, 0.43838977813720703], "113": [11.0, 1.4528687000274658], "114": [13.0, 1.7803099155426025], "115": [9.0, 0.6242954730987549], "116": [8.0, 0.8173928260803223], "117": [8.0, 0.37451958656311035], "118": [9.0, 0.8511104583740234], "119": [5.0, 0.17846131324768066], "120": [6.0, 0.421539306640625], "121": [10.0, 0.7523007392883301], "122": [10.0, 1.0871045589447021], "123": [9.0, 0.5478956699371338], "124": [6.0, 0.2794990539550781]}