{"0": [4.0, 0.285369873046875], "9": [2.0, 0.1500697135925293], "18": [2.0, 0.14913177490234375], "21": [2.0, 0.1496880054473877], "24": [2.0, 0.14944171905517578], "1": [4.0, 0.2889280319213867], "10": [2.0, 0.15195918083190918], "27": [2.0, 0.15216827392578125], "30": [2.0, 0.15781521797180176], "33": [2.0, 0.15615200996398926], "2": [4.0, 0.3022627830505371], "11": [2.0, 0.15652751922607422], "36": [2.0, 0.16015386581420898], "39": [2.0, 0.156052827835083], "42": [2.0, 0.15615534782409668], "3": [4.0, 0.30353784561157227], "12": [2.0, 0.15674138069152832], "22": [2.0, 0.1568126678466797], "28": [2.0, 0.15713858604431152], "43": [2.0, 0.15825867652893066], "4": [4.0, 0.3011329174041748], "13": [2.0, 0.15660738945007324], "19": [2.0, 0.15675735473632812], "31": [2.0, 0.15629982948303223], "40": [2.0, 0.15676021575927734], "5": [4.0, 0.3014400005340576], "14": [2.0, 0.16171002388000488], "25": [2.0, 0.1566627025604248], "34": [2.0, 0.16325640678405762], "37": [2.0, 0.15674066543579102], "6": [4.0, 0.30098676681518555], "15": [2.0, 0.15666699409484863], "26": [2.0, 0.16371655464172363], "32": [2.0, 0.16495919227600098], "44": [2.0, 0.16505146026611328], "7": [4.0, 0.316220760345459], "16": [2.0, 0.15787243843078613], "23": [2.0, 0.16446542739868164], "35": [2.0, 0.16522622108459473], "41": [2.0, 0.1652524471282959], "8": [4.0, 0.3139171600341797], "17": [2.0, 0.16313600540161133], "20": [2.0, 0.16549372673034668], "29": [2.0, 0.16517305374145508], "38": [2.0, 0.1652693748474121]}