{"0": [19.0, 10.272163391113281], "1": [20.0, 10.061939477920532], "2": [13.0, 4.116513967514038], "3": [9.0, 1.7875847816467285], "5": [19.0, 7.816495895385742], "7": [18.0, 11.030703783035278], "9": [18.0, 12.03018593788147], "10": [18.0, 20.353360652923584], "12": [14.0, 3.8542580604553223], "13": [17.0, 10.669908285140991], "14": [16.0, 7.486912250518799], "16": [18.0, 8.230965375900269], "17": [12.0, 3.742811918258667], "18": [10.0, 1.9051673412322998], "19": [11.0, 4.025667905807495], "20": [11.0, 2.7611162662506104], "21": [19.0, 10.051275968551636], "22": [17.0, 14.554043769836426], "24": [13.0, 3.4100451469421387], "26": [17.0, 8.499207019805908], "27": [14.0, 9.286516189575195], "31": [15.0, 4.339318752288818], "32": [12.0, 2.4823811054229736], "33": [20.0, 10.238821983337402], "34": [15.0, 5.2630088329315186], "35": [16.0, 5.364776611328125], "36": [16.0, 9.965229511260986], "37": [8.0, 1.63970947265625], "38": [17.0, 7.589101791381836], "40": [16.0, 8.274152040481567], "43": [11.0, 4.333937644958496], "45": [19.0, 9.019231796264648], "46": [17.0, 7.637650012969971], "47": [9.0, 2.1380555629730225], "48": [8.0, 3.1613082885742188], "49": [18.0, 14.304773569107056], "50": [16.0, 4.7406651973724365], "51": [14.0, 4.605204343795776], "52": [19.0, 8.156845331192017], "54": [15.0, 5.515214681625366], "58": [13.0, 3.3695764541625977], "59": [19.0, 14.529528856277466], "60": [17.0, 7.500254154205322], "61": [18.0, 8.688868522644043], "62": [14.0, 4.080196142196655], "63": [19.0, 11.461290121078491], "64": [19.0, 8.52864122390747], "65": [18.0, 9.343959093093872], "67": [15.0, 5.051574230194092], "68": [19.0, 11.115974426269531], "70": [16.0, 6.436765670776367], "71": [18.0, 8.593484163284302], "72": [17.0, 7.363383531570435], "73": [17.0, 7.814605712890625], "75": [8.0, 1.5744998455047607], "76": [16.0, 6.097486257553101], "77": [15.0, 7.026663541793823], "78": [10.0, 2.7956490516662598], "79": [18.0, 7.461611986160278], "81": [17.0, 8.073873281478882], "83": [15.0, 4.843062877655029], "85": [17.0, 8.130545854568481], "86": [15.0, 16.589118242263794], "87": [13.0, 9.554868698120117], "89": [19.0, 7.681384086608887], "90": [12.0, 3.2688777446746826], "91": [18.0, 8.430048704147339], "92": [17.0, 6.9658613204956055], "93": [16.0, 7.702601909637451], "94": [19.0, 8.551645278930664], "96": [17.0, 6.204722166061401], "97": [11.0, 3.4111711978912354], "98": [18.0, 12.674012184143066], "99": [15.0, 6.125306844711304], "100": [13.0, 5.896988153457642], "102": [14.0, 5.4756059646606445], "104": [12.0, 2.7577672004699707], "105": [16.0, 4.710186004638672], "107": [17.0, 9.42923355102539], "109": [12.0, 4.127613067626953], "110": [14.0, 6.719746351242065], "111": [17.0, 11.076006412506104], "112": [19.0, 14.235786199569702], "113": [16.0, 10.263320922851562], "114": [15.0, 4.582687139511108], "115": [17.0, 8.556549787521362], "116": [15.0, 3.50488543510437], "117": [16.0, 10.685746192932129], "118": [10.0, 2.2808642387390137], "119": [13.0, 4.50130820274353], "120": [18.0, 6.812604904174805], "121": [14.0, 3.8944551944732666], "122": [12.0, 3.3485519886016846], "123": [12.0, 3.1597955226898193], "126": [18.0, 7.887231111526489], "127": [17.0, 6.803565263748169], "128": [11.0, 6.1924755573272705], "129": [15.0, 8.148320436477661], "130": [14.0, 4.295337677001953], "131": [21.0, 17.029072046279907], "133": [17.0, 7.535085678100586], "134": [11.0, 2.339677095413208], "137": [13.0, 3.8306453227996826], "139": [16.0, 6.377737998962402], "140": [17.0, 7.126540422439575], "141": [15.0, 6.716073274612427], "142": [18.0, 8.872215747833252], "143": [17.0, 7.107593297958374], "144": [13.0, 5.023237943649292], "145": [11.0, 2.3723511695861816], "146": [14.0, 4.552146673202515], "148": [9.0, 5.097746849060059], "149": [19.0, 9.623073101043701], "150": [14.0, 3.9410107135772705], "153": [20.0, 9.187924861907959], "154": [17.0, 9.016194343566895], "156": [18.0, 8.393001556396484], "158": [8.0, 1.7078826427459717], "161": [14.0, 3.793630599975586], "164": [11.0, 3.448613166809082], "165": [13.0, 4.170816421508789], "166": [18.0, 12.573331117630005], "167": [17.0, 7.248609781265259], "168": [17.0, 9.86139440536499], "170": [15.0, 4.020520448684692], "171": [13.0, 4.872349500656128], "173": [10.0, 2.3762266635894775], "174": [11.0, 3.4176275730133057], "176": [13.0, 3.041470527648926], "180": [14.0, 5.542076587677002], "181": [15.0, 5.2284135818481445], "182": [20.0, 10.820762157440186], "183": [18.0, 6.885309219360352], "184": [12.0, 3.9046130180358887], "185": [18.0, 10.062270641326904], "186": [19.0, 13.440582275390625], "187": [11.0, 2.5553674697875977], "188": [17.0, 7.387880563735962], "191": [10.0, 2.412806749343872], "192": [14.0, 4.453075885772705], "193": [20.0, 9.660807847976685], "194": [16.0, 7.701823472976685], "195": [16.0, 7.101025581359863], "197": [16.0, 6.542461633682251], "198": [12.0, 3.0784997940063477], "199": [12.0, 6.051219701766968], "200": [16.0, 6.974220514297485], "201": [16.0, 10.573700189590454], "202": [19.0, 10.972999572753906], "203": [14.0, 5.066603899002075], "207": [11.0, 3.1767983436584473], "209": [17.0, 13.416543006896973], "211": [16.0, 6.276623725891113], "212": [12.0, 3.9667294025421143], "213": [15.0, 5.227783441543579], "215": [18.0, 7.862274646759033], "217": [11.0, 4.153912782669067], "218": [8.0, 1.6488497257232666], "219": [12.0, 3.738109588623047], "220": [13.0, 4.166301965713501], "223": [16.0, 8.569188833236694], "224": [14.0, 4.8532750606536865], "227": [16.0, 8.073584079742432], "228": [19.0, 13.773913621902466], "229": [18.0, 9.861320734024048], "232": [19.0, 13.095310688018799], "234": [11.0, 4.826791763305664], "235": [19.0, 10.671272993087769], "237": [19.0, 9.83378529548645], "239": [10.0, 2.4223382472991943], "240": [19.0, 12.204617023468018], "241": [17.0, 7.159043550491333], "242": [17.0, 10.143173456192017], "245": [12.0, 3.262399911880493], "247": [18.0, 19.170271396636963], "248": [17.0, 7.899365663528442], "249": [10.0, 2.2419955730438232], "252": [16.0, 6.92511510848999], "253": [17.0, 6.5435686111450195], "254": [8.0, 1.8167405128479004], "256": [19.0, 9.229636669158936], "258": [7.0, 2.242903470993042], "259": [15.0, 5.869498014450073], "262": [12.0, 3.700894355773926], "264": [17.0, 12.74136233329773], "265": [14.0, 5.193571329116821], "266": [13.0, 3.5964996814727783], "267": [9.0, 1.663935899734497], "268": [14.0, 4.467698097229004], "269": [13.0, 4.597175598144531], "273": [8.0, 1.5243308544158936], "274": [19.0, 8.346327066421509], "275": [15.0, 5.4794676303863525], "276": [11.0, 3.6210684776306152], "277": [19.0, 9.902456045150757], "278": [16.0, 8.074131488800049], "279": [9.0, 2.1215877532958984], "280": [11.0, 2.56231951713562], "281": [21.0, 11.933405637741089], "283": [20.0, 10.14022421836853], "284": [15.0, 6.210873365402222], "285": [14.0, 3.1922616958618164], "286": [11.0, 4.920211315155029], "287": [13.0, 4.670651435852051], "288": [19.0, 13.772347688674927], "289": [10.0, 2.311786413192749], "290": [10.0, 2.383596420288086], "292": [12.0, 3.1451942920684814], "293": [15.0, 5.2231361865997314], "294": [18.0, 8.716384172439575], "295": [11.0, 2.187072992324829], "296": [9.0, 2.1969504356384277], "297": [10.0, 2.529968500137329], "299": [13.0, 5.147862672805786], "6": [15.0, 5.223558664321899], "8": [16.0, 5.32931113243103], "11": [19.0, 10.723594903945923], "23": [12.0, 2.8332996368408203], "30": [16.0, 18.67979335784912], "39": [10.0, 1.9446113109588623], "41": [15.0, 4.779916524887085], "42": [11.0, 2.497248649597168], "44": [14.0, 6.914849281311035], "55": [7.0, 1.6657695770263672], "56": [14.0, 5.066865682601929], "57": [12.0, 3.5426642894744873], "66": [16.0, 6.571560621261597], "80": [18.0, 5.897008657455444], "82": [11.0, 1.9996161460876465], "84": [17.0, 9.378738164901733], "95": [13.0, 5.161334753036499], "108": [11.0, 3.0419890880584717], "124": [13.0, 2.7016892433166504], "125": [9.0, 2.173029661178589], "132": [14.0, 7.846037864685059], "138": [11.0, 2.6080031394958496],