{"0": [9.0, 3.990489959716797], "1": [9.0, 3.7297446727752686], "2": [8.0, 3.713627576828003], "3": [8.0, 5.922447443008423], "4": [8.0, 3.454582691192627], "5": [8.0, 3.700784921646118], "6": [8.0, 2.913484573364258], "7": [9.0, 4.279675245285034], "9": [9.0, 4.031069755554199], "10": [9.0, 3.302103281021118], "11": [9.0, 3.7618844509124756], "12": [8.0, 2.7140212059020996], "13": [9.0, 3.658872127532959], "14": [8.0, 3.740255117416382], "16": [8.0, 3.867689609527588], "17": [8.0, 2.930858612060547], "18": [7.0, 4.684544086456299], "19": [7.0, 2.574651002883911], "20": [8.0, 5.479468107223511], "21": [9.0, 3.713381767272949], "22": [8.0, 3.818141222000122], "23": [8.0, 2.7784574031829834], "24": [8.0, 2.7986743450164795], "26": [8.0, 3.9024150371551514], "27": [8.0, 3.0135512351989746], "29": [8.0, 5.261751413345337], "30": [8.0, 3.0632174015045166], "31": [8.0, 3.1731221675872803], "32": [8.0, 2.8310916423797607], "33": [9.0, 3.797293186187744], "34": [8.0, 3.2144432067871094], "35": [8.0, 3.414564371109009], "36": [8.0, 3.8757805824279785], "37": [7.0, 3.2765331268310547], "38": [8.0, 3.5833091735839844], "39": [8.0, 3.9184699058532715], "40": [9.0, 3.6769189834594727], "41": [8.0, 3.548184394836426], "42": [8.0, 3.0550191402435303], "43": [8.0, 2.6250996589660645], "44": [8.0, 3.7521488666534424], "45": [8.0, 3.995758533477783], "46": [8.0, 3.815394639968872], "47": [7.0, 2.4762001037597656], "48": [7.0, 2.8703980445861816], "49": [9.0, 3.6101632118225098], "50": [8.0, 3.3154067993164062], "51": [8.0, 2.8509256839752197], "52": [8.0, 3.5240955352783203], "54": [8.0, 3.3040502071380615], "56": [8.0, 4.619783163070679], "57": [8.0, 3.553905963897705], "58": [8.0, 3.051107168197632], "59": [9.0, 4.128423690795898], "60": [8.0, 3.494823932647705], "61": [8.0, 3.625056266784668], "62": [8.0, 2.456827163696289], "63": [9.0, 4.024940013885498], "64": [9.0, 4.0968945026397705], "65": [9.0, 3.9767982959747314], "67": [8.0, 2.897446870803833], "68": [9.0, 4.062718152999878], "69": [8.0, 2.442246437072754], "70": [8.0, 4.257641077041626], "71": [9.0, 3.496443748474121], "72": [8.0, 3.734501838684082], "73": [8.0, 3.028963804244995], "74": [7.0, 2.16599440574646], "75": [7.0, 2.4146761894226074], "76": [8.0, 3.5122523307800293], "77": [8.0, 3.110588550567627], "78": [8.0, 3.399768590927124], "79": [8.0, 3.691615104675293], "81": [8.0, 3.435957670211792], "83": [8.0, 3.2084977626800537], "84": [8.0, 3.5825178623199463], "85": [9.0, 3.5303843021392822], "86": [8.0, 2.9293534755706787], "87": [8.0, 2.5415403842926025], "89": [8.0, 3.27854061126709], "90": [8.0, 6.289340496063232], "91": [8.0, 5.1225385665893555], "92": [9.0, 3.840207099914551], "93": [8.0, 3.3322227001190186], "94": [8.0, 3.961642026901245], "96": [8.0, 3.723855972290039], "97": [8.0, 3.2602028846740723], "98": [8.0, 4.2201995849609375], "99": [8.0, 4.370029926300049], "100": [8.0, 3.1370091438293457], "101": [8.0, 3.079272508621216], "102": [8.0, 3.4216437339782715], "104": [7.0, 2.462630033493042], "105": [8.0, 3.4456632137298584], "107": [9.0, 4.07627534866333], "108": [7.0, 2.9114458560943604], "109": [8.0, 3.2108821868896484], "110": [8.0, 3.400326728820801], "111": [9.0, 4.310514450073242], "112": [9.0, 4.232837915420532], "113": [9.0, 3.730083465576172], "114": [8.0, 2.8704042434692383], "115": [9.0, 3.7389979362487793], "116": [8.0, 2.9335477352142334], "117": [8.0, 3.481933355331421], "118": [8.0, 3.023669719696045], "119": [8.0, 2.939866781234741], "120": [8.0, 3.2300076484680176], "121": [8.0, 3.6812469959259033], "122": [8.0, 2.9251222610473633], "123": [8.0, 2.8052988052368164], "124": [8.0, 2.6591453552246094], "125": [7.0, 2.5091805458068848], "126": [9.0, 3.3805320262908936], "127": [8.0, 3.43569278717041], "128": [7.0, 2.796771764755249], "129": [8.0, 3.4051764011383057], "130": [8.0, 3.139598846435547], "131": [9.0, 4.441364526748657], "133": [8.0, 3.480639934539795], "134": [8.0, 2.642979145050049], "136": [8.0, 2.5489449501037598], "137": [8.0, 3.0748274326324463], "139": [8.0, 2.7773146629333496], "140": [8.0, 3.488799810409546], "141": [8.0, 3.5062716007232666], "142": [9.0, 3.497135877609253], "143": [8.0, 3.7170209884643555], "144": [8.0, 3.2753939628601074], "145": [8.0, 3.167982578277588], "146": [8.0, 3.44156551361084], "147": [9.0, 3.8025639057159424], "148": [7.0, 3.7698090076446533], "149": [9.0, 3.9616904258728027], "150": [8.0, 3.0367634296417236], "151": [8.0, 3.509514331817627], "153": [9.0, 3.562134265899658], "154": [9.0, 3.9885993003845215], "155": [8.0, 3.4427268505096436], "156": [9.0, 3.8098697662353516], "158": [7.0, 2.7439305782318115], "159": [8.0, 2.399153709411621], "161": [8.0, 2.9189066886901855], "163": [8.0, 7.431751489639282], "164": [8.0, 6.073929071426392], "165": [8.0, 3.287071943283081], "166": [9.0, 3.8996682167053223], "167": [8.0, 3.828260898590088], "168": [9.0, 4.261289119720459], "169": [8.0, 6.416592597961426], "170": [8.0, 2.704678773880005], "171": [8.0, 3.5022096633911133], "173": [7.0, 2.8560283184051514], "174": [8.0, 3.421581745147705], "175": [8.0, 3.651146650314331], "176": [8.0, 3.822587251663208], "178": [8.0, 2.9000847339630127], "179": [8.0, 2.806485176086426], "180": [8.0, 3.2241251468658447], "181": [8.0, 3.6276254653930664], "182": [9.0, 3.9503064155578613], "183": [8.0, 3.875183343887329], "184": [8.0, 3.7890284061431885], "185": [8.0, 3.7693593502044678], "186": [9.0, 4.01317572593689], "187": [8.0, 2.6132373809814453], "188": [8.0, 3.308215618133545], "190": [8.0, 2.9607434272766113], "191": [8.0, 3.298004388809204], "192": [8.0, 7.305057048797607], "193": [9.0, 4.278363227844238], "194": [8.0, 3.7616710662841797], "195": [9.0, 3.788055658340454], "197": [8.0, 3.3734686374664307], "198": [8.0, 2.748976707458496], "199": [7.0, 3.5247552394866943], "200": [8.0, 3.562573194503784], "201": [9.0, 4.271197319030762], "202": [9.0, 3.7854347229003906], "203": [8.0, 3.837850570678711], "204": [7.0, 2.611684560775757], "205": [8.0, 6.5333592891693115], "206": [9.0, 3.746128797531128], "207": [8.0, 2.9239487648010254], "208": [7.0, 3.5244669914245605], "209": [8.0, 3.968057632446289], "210": [8.0, 3.3728344440460205], "211": [8.0, 3.7399849891662598], "212": [8.0, 3.062241315841675], "213": [8.0, 4.681131601333618], "215": [9.0, 3.7380921840667725], "216": [8.0, 4.793656826019287], "217": [8.0, 3.5349583625793457], "218": [7.0, 3.590221405029297], "219": [8.0, 3.349574565887451], "220": [8.0, 2.8465561866760254], "222": [8.0, 3.30367112159729], "223": [9.0, 3.4821174144744873], "224": [8.0, 2.801093816757202], "226": [8.0, 3.3477702140808105], "227": [9.0, 3.975093126296997], "228": [9.0, 3.896252155303955], "229": [9.0, 3.953251838684082], "230": [8.0, 3.3876137733459473], "232": [9.0, 4.091976881027222], "234": [8.0, 2.659395217895508], "235": [8.0, 3.7701587677001953], "236": [8.0, 2.852543592453003], "237": [9.0, 4.315540313720703], "238": [7.0, 2.235470771789551], "239": [8.0, 3.0920588970184326], "240": [9.0, 3.918884038925171], "241": [8.0, 3.4550299644470215], "242": [8.0, 4.0473854541778564], "243": [7.0, 3.3573412895202637], "244": [8.0, 3.061311960220337], "245": [8.0, 3.024977445602417], "247": [8.0, 3.5245361328125], "248": [9.0, 3.888942241668701], "249": [7.0, 1.9626295566558838], "252": [8.0, 3.3507919311523438], "253": [8.0, 3.686025857925415], "254": [7.0, 2.9853265285491943], "255": [8.0, 2.715014696121216], "256": [9.0, 3.795541286468506], "258": [8.0, 3.6223840713500977], "259": [8.0, 3.131533145904541], "260": [8.0, 3.3324851989746094], "262": [8.0, 2.672513246536255], "264": [8.0, 3.8066201210021973], "265": [8.0, 3.442919969558716], "266": [8.0, 2.9164774417877197], "267": [7.0, 3.557210683822632], "268": [8.0, 3.5892012119293213], "269": [8.0, 3.054980754852295], "270": [8.0, 2.7179603576660156], "272": [8.0, 2.4913735389709473], "273": [7.0, 2.032292366027832], "274": [9.0, 3.60909104347229], "275": [8.0, 3.159121513366699], "276": [8.0, 3.636577844619751], "277": [9.0, 4.599244117736816],