{"0": [2.0, 0.0036308765411376953], "1": [2.0, 0.0022401809692382812], "6": [2.0, 0.0020780563354492188], "2": [2.0, 0.0024628639221191406], "7": [2.0, 0.0026140213012695312], "3": [2.0, 0.0023488998413085938], "4": [2.0, 0.002357006072998047], "5": [2.0, 0.002450227737426758]}