{"0": [2.0, 0.011889934539794922], "1": [2.0, 0.010840177536010742], "6": [2.0, 0.008668899536132812], "2": [2.0, 0.008718252182006836], "7": [2.0, 0.00896000862121582], "3": [2.0, 0.00873708724975586], "4": [2.0, 0.008695125579833984], "5": [2.0, 0.008560895919799805]}