{"0": [2.0, 0.011886835098266602], "1": [2.0, 0.00916600227355957], "8": [2.0, 0.009260892868041992], "2": [2.0, 0.008620023727416992], "9": [2.0, 0.008675098419189453], "3": [2.0, 0.008556842803955078], "4": [2.0, 0.009273052215576172], "5": [2.0, 0.008698225021362305], "6": [2.0, 0.008565902709960938], "7": [2.0, 0.010076761245727539]}