{"0": [2.0, 0.0039441585540771484], "1": [2.0, 0.0025370121002197266], "8": [2.0, 0.002565145492553711], "2": [2.0, 0.002515077590942383], "9": [2.0, 0.0021219253540039062], "3": [2.0, 0.0025179386138916016], "4": [2.0, 0.0023398399353027344], "5": [2.0, 0.0020983219146728516], "6": [2.0, 0.0027358531951904297], "7": [2.0, 0.0023529529571533203]}