{"0": [2.0, 0.004293203353881836], "1": [2.0, 0.0023441314697265625], "3": [2.0, 0.002134084701538086], "4": [2.0, 0.0024261474609375], "5": [2.0, 0.002705812454223633], "2": [2.0, 0.002440929412841797], "6": [2.0, 0.0023529529571533203], "7": [2.0, 0.002332925796508789]}