{"0": [2.0, 0.29490017890930176], "1": [2.0, 0.012180089950561523], "2": [2.0, 0.01004481315612793], "3": [2.0, 0.008352041244506836], "4": [2.0, 0.007847070693969727], "5": [2.0, 0.008991003036499023]}