{"0": [2.0, 0.0035707950592041016], "1": [2.0, 0.0040209293365478516], "2": [2.0, 0.0026979446411132812], "3": [2.0, 0.002232074737548828], "4": [2.0, 0.002565145492553711], "5": [2.0, 0.002502918243408203]}