{"0": [5.0, 0.00072479248046875], "1": [5.0, 0.0008237361907958984], "2": [5.0, 0.0006251335144042969], "3": [5.0, 0.0007128715515136719], "4": [5.0, 0.0008196830749511719], "5": [5.0, 0.0007383823394775391], "6": [5.0, 0.0007379055023193359], "9": [5.0, 0.0006892681121826172], "10": [5.0, 0.0006318092346191406], "11": [5.0, 0.0007498264312744141], "12": [5.0, 0.0006873607635498047], "13": [5.0, 0.0007309913635253906], "14": [5.0, 0.0007665157318115234], "15": [5.0, 0.0007402896881103516], "20": [5.0, 0.00069427490234375], "21": [5.0, 0.000659942626953125], "22": [5.0, 0.0007746219635009766], "23": [5.0, 0.0006794929504394531], "26": [5.0, 0.0007374286651611328], "27": [5.0, 0.0007760524749755859], "28": [5.0, 0.00066375732421875], "29": [5.0, 0.0007059574127197266], "30": [5.0, 0.0008447170257568359], "31": [5.0, 0.0006997585296630859], "32": [5.0, 0.0007443428039550781], "35": [5.0, 0.0006406307220458984], "36": [5.0, 0.0007627010345458984], "38": [5.0, 0.0006644725799560547], "41": [5.0, 0.0007097721099853516], "42": [5.0, 0.0006396770477294922], "43": [5.0, 0.0006647109985351562], "44": [5.0, 0.0007278919219970703], "45": [5.0, 0.0007202625274658203], "46": [5.0, 0.0006005764007568359], "48": [5.0, 0.0007216930389404297], "49": [5.0, 0.0006697177886962891], "50": [5.0, 0.0007596015930175781], "51": [5.0, 0.0007472038269042969], "52": [5.0, 0.0007078647613525391], "53": [5.0, 0.0007700920104980469], "54": [5.0, 0.0007507801055908203], "56": [5.0, 0.0008780956268310547], "57": [5.0, 0.0008721351623535156], "58": [5.0, 0.0007266998291015625], "59": [5.0, 0.0006718635559082031], "60": [5.0, 0.0008897781372070312], "61": [5.0, 0.0008153915405273438], "62": [5.0, 0.0007700920104980469], "63": [5.0, 0.000759124755859375], "64": [5.0, 0.0008304119110107422], "66": [5.0, 0.0007879734039306641], "67": [5.0, 0.0007147789001464844], "68": [5.0, 0.0007631778717041016], "69": [5.0, 0.0007696151733398438], "70": [5.0, 0.0006780624389648438], "71": [5.0, 0.0007309913635253906], "72": [5.0, 0.0007674694061279297], "73": [5.0, 0.0008187294006347656], "74": [5.0, 0.0007081031799316406], "75": [5.0, 0.0009219646453857422], "76": [5.0, 0.0007245540618896484], "79": [5.0, 0.0008137226104736328], "81": [5.0, 0.0007491111755371094], "82": [5.0, 0.0006530284881591797], "84": [5.0, 0.0007398128509521484], "85": [5.0, 0.0008273124694824219], "87": [5.0, 0.0006475448608398438], "89": [5.0, 0.00079345703125], "90": [5.0, 0.0007383823394775391], "91": [5.0, 0.0007605552673339844], "92": [5.0, 0.0007441043853759766], "93": [5.0, 0.0007989406585693359], "95": [5.0, 0.0007762908935546875], "96": [5.0, 0.0007066726684570312], "97": [5.0, 0.0007891654968261719], "98": [5.0, 0.0007424354553222656], "99": [5.0, 0.0006887912750244141], "100": [5.0, 0.0007634162902832031], "101": [5.0, 0.0006771087646484375], "102": [5.0, 0.0007796287536621094], "104": [5.0, 0.0007905960083007812], "105": [5.0, 0.0006847381591796875], "106": [5.0, 0.0007464885711669922], "107": [5.0, 0.0007836818695068359], "108": [5.0, 0.0007045269012451172], "109": [5.0, 0.0007987022399902344], "110": [5.0, 0.0007302761077880859], "111": [5.0, 0.0006198883056640625], "112": [5.0, 0.0007166862487792969], "113": [5.0, 0.0007731914520263672], "115": [5.0, 0.0006854534149169922], "116": [5.0, 0.0006873607635498047], "117": [5.0, 0.0007205009460449219], "118": [5.0, 0.0007920265197753906], "120": [5.0, 0.0007998943328857422], "121": [5.0, 0.0007622241973876953], "122": [5.0, 0.0007526874542236328], "123": [5.0, 0.0006513595581054688], "124": [5.0, 0.0007712841033935547], "125": [5.0, 0.0008053779602050781], "128": [5.0, 0.0007112026214599609], "129": [5.0, 0.0007674694061279297], "130": [5.0, 0.0006837844848632812], "131": [5.0, 0.0006804466247558594], "132": [5.0, 0.0007460117340087891], "133": [5.0, 0.0007200241088867188], "135": [5.0, 0.0007550716400146484], "136": [5.0, 0.0007493495941162109], "138": [5.0, 0.0007669925689697266], "140": [5.0, 0.0008099079132080078], "142": [5.0, 0.0007326602935791016], "143": [5.0, 0.0007131099700927734], "144": [5.0, 0.0007779598236083984], "145": [5.0, 0.0006837844848632812], "146": [5.0, 0.0007195472717285156], "147": [5.0, 0.00074005126953125], "8": [5.0, 0.0007383823394775391], "17": [5.0, 0.0007684230804443359], "18": [5.0, 0.0007166862487792969], "24": [5.0, 0.0007429122924804688], "25": [5.0, 0.0007510185241699219], "34": [5.0, 0.0007863044738769531], "40": [5.0, 0.0007216930389404297], "47": [5.0, 0.000759124755859375], "55": [5.0, 0.00075531005859375], "65": [5.0, 0.0006895065307617188], "78": [5.0, 0.0007104873657226562], "83": [5.0, 0.0007164478302001953], "86": [5.0, 0.0007221698760986328], "88": [5.0, 0.0007224082946777344], "94": [5.0, 0.0007066726684570312], "114": [5.0, 0.0007541179656982422], "119": [5.0, 0.0006225109100341797], "126": [5.0, 0.0007085800170898438], "127": [5.0, 0.000881195068359375], "134": [5.0, 0.0007824897766113281], "137": [5.0, 0.0007867813110351562], "149": [5.0, 0.0008945465087890625], "7": [5.0, 0.0008416175842285156], "16": [5.0, 0.0007441043853759766], "19": [5.0, 0.0008075237274169922], "77": [5.0, 0.000690460205078125], "103": [5.0, 0.0007140636444091797], "139": [5.0, 0.0007245540618896484], "141": [5.0, 0.0007059574127197266], "148": [5.0, 0.0006918907165527344], "33": [5.0, 0.0007717609405517578], "39": [5.0, 0.0007412433624267578], "80": [5.0, 0.0007987022399902344], "37": [5.0, 0.0008060932159423828]}