{"0": [4.0, 0.0007483959197998047], "1": [4.0, 0.0007011890411376953], "2": [4.0, 0.0007627010345458984], "3": [4.0, 0.0006890296936035156], "4": [4.0, 0.0006060600280761719], "5": [4.0, 0.0006422996520996094], "6": [4.0, 0.0006582736968994141], "7": [4.0, 0.0006432533264160156], "8": [4.0, 0.0007014274597167969], "9": [4.0, 0.0006678104400634766], "10": [4.0, 0.0007078647613525391], "11": [4.0, 0.0007364749908447266], "12": [4.0, 0.0007328987121582031], "13": [4.0, 0.0006361007690429688], "14": [4.0, 0.0006809234619140625], "15": [4.0, 0.0006933212280273438], "16": [4.0, 0.0007185935974121094], "17": [4.0, 0.0006518363952636719], "20": [4.0, 0.0006835460662841797], "21": [4.0, 0.0006368160247802734], "22": [4.0, 0.0007379055023193359], "24": [4.0, 0.0006937980651855469], "25": [4.0, 0.0006508827209472656], "26": [4.0, 0.0006961822509765625], "27": [4.0, 0.0007224082946777344], "28": [4.0, 0.0006937980651855469], "29": [4.0, 0.0006756782531738281], "30": [4.0, 0.0007011890411376953], "31": [4.0, 0.0007231235504150391], "32": [4.0, 0.0007340908050537109], "33": [4.0, 0.0006635189056396484], "34": [4.0, 0.0006673336029052734], "35": [4.0, 0.0006639957427978516], "36": [4.0, 0.0008647441864013672], "37": [4.0, 0.0007085800170898438], "38": [4.0, 0.0007050037384033203], "39": [4.0, 0.0007824897766113281], "40": [4.0, 0.0007460117340087891], "42": [4.0, 0.0007205009460449219], "43": [4.0, 0.0006401538848876953], "44": [4.0, 0.0006346702575683594], "45": [4.0, 0.0007383823394775391], "46": [4.0, 0.0007417201995849609], "48": [4.0, 0.0007047653198242188], "49": [4.0, 0.0006563663482666016], "50": [4.0, 0.0006513595581054688], "51": [4.0, 0.0006425380706787109], "52": [4.0, 0.0006792545318603516], "53": [4.0, 0.0006563663482666016], "54": [4.0, 0.0007004737854003906], "55": [4.0, 0.0006735324859619141], "56": [4.0, 0.0006859302520751953], "57": [4.0, 0.0007147789001464844], "58": [4.0, 0.0006213188171386719], "59": [4.0, 0.0007143020629882812], "60": [4.0, 0.0006933212280273438], "61": [4.0, 0.0007259845733642578], "62": [4.0, 0.0007035732269287109], "63": [4.0, 0.0006194114685058594], "64": [4.0, 0.0007269382476806641], "65": [4.0, 0.0006818771362304688], "66": [4.0, 0.0007653236389160156], "67": [4.0, 0.0007112026214599609], "68": [4.0, 0.0006673336029052734], "69": [4.0, 0.0007479190826416016], "70": [4.0, 0.0008168220520019531], "71": [4.0, 0.0007581710815429688], "72": [4.0, 0.000652313232421875], "73": [4.0, 0.0007085800170898438], "74": [4.0, 0.0007078647613525391], "76": [4.0, 0.0007309913635253906], "77": [4.0, 0.0006616115570068359], "78": [4.0, 0.0006155967712402344], "79": [4.0, 0.0006954669952392578], "81": [4.0, 0.0006971359252929688], "82": [4.0, 0.0006263256072998047], "83": [4.0, 0.0006811618804931641], "84": [4.0, 0.00066375732421875], "85": [4.0, 0.0006885528564453125], "87": [4.0, 0.0006167888641357422], "88": [4.0, 0.0007174015045166016], "89": [4.0, 0.00069427490234375], "90": [4.0, 0.0007803440093994141], "92": [4.0, 0.0006618499755859375], "93": [4.0, 0.0006668567657470703], "94": [4.0, 0.0006964206695556641], "95": [4.0, 0.0006358623504638672], "96": [4.0, 0.0006833076477050781], "97": [4.0, 0.0007066726684570312], "98": [4.0, 0.000667572021484375], "99": [4.0, 0.0005857944488525391], "100": [4.0, 0.0007522106170654297], "101": [4.0, 0.0006756782531738281], "102": [4.0, 0.0006735324859619141], "103": [4.0, 0.0006861686706542969], "104": [4.0, 0.0006718635559082031], "105": [4.0, 0.0006647109985351562], "106": [4.0, 0.0007069110870361328], "107": [4.0, 0.0006256103515625], "108": [4.0, 0.0006816387176513672], "109": [4.0, 0.0006952285766601562], "110": [4.0, 0.0007188320159912109], "111": [4.0, 0.0006780624389648438], "112": [4.0, 0.0006897449493408203], "113": [4.0, 0.000621795654296875], "114": [4.0, 0.0006022453308105469], "115": [4.0, 0.0006561279296875], "116": [4.0, 0.0006999969482421875], "117": [4.0, 0.0007319450378417969], "118": [4.0, 0.0006475448608398438], "119": [4.0, 0.0006711483001708984], "120": [4.0, 0.0006635189056396484], "121": [4.0, 0.0007441043853759766], "122": [4.0, 0.0007684230804443359], "123": [4.0, 0.0006825923919677734], "124": [4.0, 0.0006678104400634766], "125": [4.0, 0.0007319450378417969], "126": [4.0, 0.0006380081176757812], "127": [4.0, 0.0006105899810791016], "128": [4.0, 0.0007026195526123047], "129": [4.0, 0.0007050037384033203], "130": [4.0, 0.0006854534149169922], "131": [4.0, 0.0006659030914306641], "132": [4.0, 0.0006239414215087891], "133": [4.0, 0.0006856918334960938], "134": [4.0, 0.0007269382476806641], "135": [4.0, 0.0006945133209228516], "136": [4.0, 0.0007035732269287109], "137": [4.0, 0.000690460205078125], "138": [4.0, 0.0006740093231201172], "139": [4.0, 0.0005853176116943359], "140": [4.0, 0.0006697177886962891], "141": [4.0, 0.0006964206695556641], "142": [4.0, 0.0006029605865478516], "143": [4.0, 0.0005788803100585938], "144": [4.0, 0.0005793571472167969], "145": [4.0, 0.0007407665252685547], "146": [4.0, 0.0006635189056396484], "147": [4.0, 0.0007011890411376953], "148": [4.0, 0.0006880760192871094], "149": [4.0, 0.0006840229034423828], "18": [4.0, 0.0006911754608154297], "19": [4.0, 0.0006632804870605469], "41": [4.0, 0.0006635189056396484], "47": [4.0, 0.0006215572357177734], "80": [4.0, 0.0006470680236816406], "86": [4.0, 0.0006687641143798828], "91": [4.0, 0.0006711483001708984], "23": [4.0, 0.0006461143493652344], "75": [4.0, 0.0006375312805175781]}