{"0": [4.0, 0.0007398128509521484], "1": [4.0, 0.0007488727569580078], "2": [4.0, 0.0007171630859375], "3": [4.0, 0.0006840229034423828], "4": [4.0, 0.0006806850433349609], "5": [4.0, 0.0006721019744873047], "6": [4.0, 0.0006785392761230469], "7": [4.0, 0.0006749629974365234], "8": [4.0, 0.0006093978881835938], "9": [4.0, 0.0006880760192871094], "10": [4.0, 0.0006766319274902344], "12": [4.0, 0.0006659030914306641], "13": [4.0, 0.0006952285766601562], "14": [4.0, 0.0006716251373291016], "15": [4.0, 0.0006709098815917969], "16": [4.0, 0.0006613731384277344], "17": [4.0, 0.0007748603820800781], "18": [4.0, 0.0007598400115966797], "19": [4.0, 0.0007009506225585938], "20": [4.0, 0.0007276535034179688], "21": [4.0, 0.0006504058837890625], "22": [4.0, 0.0007088184356689453], "23": [4.0, 0.0006933212280273438], "24": [4.0, 0.0007085800170898438], "25": [4.0, 0.0006885528564453125], "26": [4.0, 0.000743865966796875], "27": [4.0, 0.0006337165832519531], "28": [4.0, 0.0006601810455322266], "29": [4.0, 0.000701904296875], "30": [4.0, 0.0007059574127197266], "31": [4.0, 0.0006787776947021484], "33": [4.0, 0.0006558895111083984], "34": [4.0, 0.0007109642028808594], "35": [4.0, 0.0007276535034179688], "37": [4.0, 0.0006353855133056641], "38": [4.0, 0.0006821155548095703], "39": [4.0, 0.0006768703460693359], "40": [4.0, 0.0007269382476806641], "42": [4.0, 0.0007016658782958984], "43": [4.0, 0.000583648681640625], "44": [4.0, 0.0006639957427978516], "45": [4.0, 0.0006670951843261719], "46": [4.0, 0.0006601810455322266], "47": [4.0, 0.0005784034729003906], "48": [4.0, 0.0007154941558837891], "49": [4.0, 0.0007016658782958984], "51": [4.0, 0.0007622241973876953], "53": [4.0, 0.0006709098815917969], "55": [4.0, 0.0006201267242431641], "56": [4.0, 0.0006420612335205078], "57": [4.0, 0.0007486343383789062], "60": [4.0, 0.0006759166717529297], "61": [4.0, 0.0006449222564697266], "62": [4.0, 0.0006394386291503906], "63": [4.0, 0.0006649494171142578], "64": [4.0, 0.0006415843963623047], "65": [4.0, 0.0006771087646484375], "66": [4.0, 0.0007042884826660156], "67": [4.0, 0.0006742477416992188], "69": [4.0, 0.0007054805755615234], "70": [4.0, 0.0006005764007568359], "71": [4.0, 0.0006268024444580078], "72": [4.0, 0.000652313232421875], "73": [4.0, 0.0006670951843261719], "74": [4.0, 0.0006260871887207031], "75": [4.0, 0.0006072521209716797], "76": [4.0, 0.0005781650543212891], "77": [4.0, 0.0006062984466552734], "78": [4.0, 0.0006420612335205078], "79": [4.0, 0.0006814002990722656], "80": [4.0, 0.0007281303405761719], "81": [4.0, 0.0007834434509277344], "83": [4.0, 0.0007309913635253906], "85": [4.0, 0.0007398128509521484], "86": [4.0, 0.0007822513580322266], "87": [4.0, 0.0006999969482421875], "88": [4.0, 0.0007376670837402344], "89": [4.0, 0.0006594657897949219], "90": [4.0, 0.0007014274597167969], "91": [4.0, 0.0006604194641113281], "92": [4.0, 0.0006513595581054688], "93": [4.0, 0.0007352828979492188], "94": [4.0, 0.0006563663482666016], "95": [4.0, 0.000675201416015625], "97": [4.0, 0.0005979537963867188], "98": [4.0, 0.0007135868072509766], "99": [4.0, 0.0006518363952636719], "100": [4.0, 0.0007302761077880859], "101": [4.0, 0.000637054443359375], "102": [4.0, 0.0006783008575439453], "103": [4.0, 0.0007109642028808594], "104": [4.0, 0.0006701946258544922], "106": [4.0, 0.00066375732421875], "107": [4.0, 0.0006954669952392578], "108": [4.0, 0.0006656646728515625], "109": [4.0, 0.0007183551788330078], "110": [4.0, 0.0006849765777587891], "112": [4.0, 0.0006277561187744141], "113": [4.0, 0.0007004737854003906], "114": [4.0, 0.0006930828094482422], "115": [4.0, 0.0006935596466064453], "116": [4.0, 0.0006883144378662109], "117": [4.0, 0.0006532669067382812], "118": [4.0, 0.0006811618804931641], "119": [4.0, 0.0005724430084228516], "120": [4.0, 0.0006725788116455078], "121": [4.0, 0.0007135868072509766], "122": [4.0, 0.000978231430053711], "123": [4.0, 0.0007028579711914062], "124": [4.0, 0.0007216930389404297], "125": [4.0, 0.0006399154663085938], "126": [4.0, 0.0006577968597412109], "127": [4.0, 0.0006864070892333984], "128": [4.0, 0.0006687641143798828], "129": [4.0, 0.0006585121154785156], "131": [4.0, 0.0006535053253173828], "132": [4.0, 0.0007216930389404297], "133": [4.0, 0.0006775856018066406], "134": [4.0, 0.0006825923919677734], "135": [4.0, 0.0007429122924804688], "136": [4.0, 0.0007042884826660156], "137": [4.0, 0.0006635189056396484], "138": [4.0, 0.0007195472717285156], "139": [4.0, 0.0007023811340332031], "140": [4.0, 0.0006339550018310547], "141": [4.0, 0.0007221698760986328], "142": [4.0, 0.0006666183471679688], "143": [4.0, 0.0006804466247558594], "144": [4.0, 0.0006878376007080078], "145": [4.0, 0.0006918907165527344], "146": [4.0, 0.0007011890411376953], "147": [4.0, 0.0006966590881347656], "148": [4.0, 0.0006923675537109375], "149": [4.0, 0.0006337165832519531], "11": [4.0, 0.0007085800170898438], "32": [4.0, 0.0006513595581054688], "36": [4.0, 0.0007319450378417969], "41": [4.0, 0.0006778240203857422], "50": [4.0, 0.0006823539733886719], "52": [4.0, 0.0007634162902832031], "54": [4.0, 0.0006780624389648438], "58": [4.0, 0.0007038116455078125], "68": [4.0, 0.0005750656127929688], "82": [4.0, 0.0006129741668701172], "84": [4.0, 0.0006015300750732422], "96": [4.0, 0.0006804466247558594], "105": [4.0, 0.0007984638214111328], "111": [4.0, 0.0007395744323730469], "130": [4.0, 0.0006546974182128906], "59": [4.0, 0.0006461143493652344]}