{"0": [4.0, 0.0007383823394775391], "3": [4.0, 0.0006690025329589844], "4": [4.0, 0.0007739067077636719], "5": [4.0, 0.0006754398345947266], "6": [4.0, 0.0006823539733886719], "7": [4.0, 0.0006799697875976562], "8": [4.0, 0.0006556510925292969], "9": [4.0, 0.0006046295166015625], "10": [4.0, 0.0006735324859619141], "11": [4.0, 0.0006730556488037109], "12": [4.0, 0.0006866455078125], "13": [4.0, 0.0006933212280273438], "14": [4.0, 0.0007083415985107422], "15": [4.0, 0.0007393360137939453], "18": [4.0, 0.0006291866302490234], "19": [4.0, 0.0006749629974365234], "20": [4.0, 0.0005731582641601562], "21": [4.0, 0.0006895065307617188], "22": [4.0, 0.0005915164947509766], "23": [4.0, 0.0006697177886962891], "24": [4.0, 0.0006661415100097656], "25": [4.0, 0.0006852149963378906], "26": [4.0, 0.0006892681121826172], "27": [4.0, 0.0007722377777099609], "28": [4.0, 0.0006420612335205078], "29": [4.0, 0.0006937980651855469], "30": [4.0, 0.0006051063537597656], "31": [4.0, 0.0006582736968994141], "32": [4.0, 0.000682830810546875], "33": [4.0, 0.0007319450378417969], "35": [4.0, 0.0005705356597900391], "36": [4.0, 0.0006911754608154297], "37": [4.0, 0.0005977153778076172], "38": [4.0, 0.0005860328674316406], "39": [4.0, 0.0006768703460693359], "41": [4.0, 0.0005829334259033203], "42": [4.0, 0.0006041526794433594], "43": [4.0, 0.0005869865417480469], "46": [4.0, 0.0005698204040527344], "47": [4.0, 0.0007660388946533203], "48": [4.0, 0.0006897449493408203], "49": [4.0, 0.0006155967712402344], "50": [4.0, 0.0006499290466308594], "51": [4.0, 0.000591278076171875], "53": [4.0, 0.0006172657012939453], "54": [4.0, 0.0006496906280517578], "55": [4.0, 0.0006430149078369141], "56": [4.0, 0.0006499290466308594], "57": [4.0, 0.0006535053253173828], "58": [4.0, 0.0007081031799316406], "59": [4.0, 0.000621795654296875], "61": [4.0, 0.0006594657897949219], "62": [4.0, 0.000659942626953125], "63": [4.0, 0.0005826950073242188], "64": [4.0, 0.0006253719329833984], "65": [4.0, 0.0007183551788330078], "66": [4.0, 0.0007395744323730469], "68": [4.0, 0.0007004737854003906], "70": [4.0, 0.0006775856018066406], "72": [4.0, 0.0007059574127197266], "73": [4.0, 0.0007121562957763672], "74": [4.0, 0.0007805824279785156], "75": [4.0, 0.0006875991821289062], "76": [4.0, 0.0007193088531494141], "77": [4.0, 0.0007221698760986328], "78": [4.0, 0.00070953369140625], "79": [4.0, 0.0006489753723144531], "81": [4.0, 0.0006988048553466797], "82": [4.0, 0.0007002353668212891], "83": [4.0, 0.0006630420684814453], "84": [4.0, 0.0007727146148681641], "86": [4.0, 0.0006959438323974609], "87": [4.0, 0.0006506443023681641], "88": [4.0, 0.0006368160247802734], "89": [4.0, 0.0007123947143554688], "90": [4.0, 0.0007977485656738281], "91": [4.0, 0.0009379386901855469], "92": [4.0, 0.0007939338684082031], "93": [4.0, 0.0006997585296630859], "94": [4.0, 0.0005991458892822266], "95": [4.0, 0.0006439685821533203], "96": [4.0, 0.0006947517395019531], "97": [4.0, 0.0006954669952392578], "98": [4.0, 0.0006444454193115234], "99": [4.0, 0.0007998943328857422], "100": [4.0, 0.0007021427154541016], "101": [4.0, 0.0007081031799316406], "102": [4.0, 0.00064849853515625], "103": [4.0, 0.0007302761077880859], "104": [4.0, 0.0008306503295898438], "105": [4.0, 0.0006310939788818359], "107": [4.0, 0.0006608963012695312], "108": [4.0, 0.0006647109985351562], "109": [4.0, 0.0006856918334960938], "110": [4.0, 0.0007197856903076172], "111": [4.0, 0.0006475448608398438], "112": [4.0, 0.0007112026214599609], "113": [4.0, 0.000720977783203125], "114": [4.0, 0.0007159709930419922], "115": [4.0, 0.0007877349853515625], "116": [4.0, 0.0008432865142822266], "118": [4.0, 0.0007348060607910156], "119": [4.0, 0.0007224082946777344], "120": [4.0, 0.0007266998291015625], "121": [4.0, 0.0006899833679199219], "122": [4.0, 0.0006902217864990234], "123": [4.0, 0.0006873607635498047], "124": [4.0, 0.0007092952728271484], "125": [4.0, 0.0007078647613525391], "126": [4.0, 0.0006952285766601562], "127": [4.0, 0.0006537437438964844], "128": [4.0, 0.0007102489471435547], "130": [4.0, 0.0007002353668212891], "131": [4.0, 0.0006048679351806641], "132": [4.0, 0.0006761550903320312], "133": [4.0, 0.0006642341613769531], "134": [4.0, 0.0006959438323974609], "135": [4.0, 0.00069427490234375], "136": [4.0, 0.0006034374237060547], "137": [4.0, 0.0006778240203857422], "138": [4.0, 0.0006177425384521484], "139": [4.0, 0.0006000995635986328], "140": [4.0, 0.0006577968597412109], "141": [4.0, 0.0006759166717529297], "142": [4.0, 0.0006597042083740234], "143": [4.0, 0.0006558895111083984], "144": [4.0, 0.0006778240203857422], "146": [4.0, 0.0007369518280029297], "147": [4.0, 0.0007913112640380859], "148": [4.0, 0.0007905960083007812], "149": [4.0, 0.0006685256958007812], "1": [4.0, 0.0006597042083740234], "2": [4.0, 0.0006003379821777344], "16": [4.0, 0.0006089210510253906], "17": [4.0, 0.0006198883056640625], "34": [4.0, 0.0006697177886962891], "40": [4.0, 0.0006198883056640625], "44": [4.0, 0.0006833076477050781], "45": [4.0, 0.0006015300750732422], "60": [4.0, 0.0006773471832275391], "67": [4.0, 0.0006780624389648438], "69": [4.0, 0.0006630420684814453], "71": [4.0, 0.0006480216979980469], "80": [4.0, 0.0006699562072753906], "85": [4.0, 0.0006899833679199219], "106": [4.0, 0.0006670951843261719], "117": [4.0, 0.0006287097930908203], "129": [4.0, 0.0006964206695556641], "145": [4.0, 0.0007221698760986328], "52": [4.0, 0.0006625652313232422]}