{"0": [6.0, 0.0008387565612792969], "1": [6.0, 0.0009107589721679688], "2": [6.0, 0.0007417201995849609], "3": [6.0, 0.0007455348968505859], "4": [6.0, 0.0007619857788085938], "5": [6.0, 0.0007317066192626953], "6": [6.0, 0.0006937980651855469], "10": [6.0, 0.0007202625274658203], "11": [6.0, 0.0007119178771972656], "12": [6.0, 0.000743865966796875], "13": [6.0, 0.0007042884826660156], "14": [6.0, 0.0008668899536132812], "15": [6.0, 0.0008006095886230469], "20": [6.0, 0.0007572174072265625], "21": [6.0, 0.0006375312805175781], "22": [6.0, 0.0006594657897949219], "26": [6.0, 0.0007104873657226562], "27": [6.0, 0.0006613731384277344], "28": [6.0, 0.0006716251373291016], "29": [6.0, 0.0007183551788330078], "30": [6.0, 0.0008640289306640625], "31": [6.0, 0.0007455348968505859], "32": [6.0, 0.0006744861602783203], "35": [6.0, 0.0008566379547119141], "36": [6.0, 0.0007259845733642578], "38": [6.0, 0.0007340908050537109], "41": [6.0, 0.0006432533264160156], "42": [6.0, 0.0006260871887207031], "43": [6.0, 0.0006864070892333984], "44": [6.0, 0.000850677490234375], "45": [6.0, 0.0006644725799560547], "46": [6.0, 0.0006566047668457031], "48": [6.0, 0.0006744861602783203], "49": [6.0, 0.0007624626159667969], "50": [6.0, 0.0006771087646484375], "51": [6.0, 0.0008037090301513672], "52": [6.0, 0.0006930828094482422], "53": [6.0, 0.0007412433624267578], "54": [6.0, 0.0006556510925292969], "56": [6.0, 0.0007712841033935547], "57": [6.0, 0.0007042884826660156], "58": [6.0, 0.0007135868072509766], "59": [5.0, 0.0006966590881347656], "60": [6.0, 0.0008349418640136719], "61": [6.0, 0.0008580684661865234], "63": [6.0, 0.0007688999176025391], "64": [6.0, 0.0008263587951660156], "66": [6.0, 0.0007474422454833984], "67": [6.0, 0.0007123947143554688], "68": [6.0, 0.0006647109985351562], "70": [6.0, 0.0008127689361572266], "71": [6.0, 0.0008690357208251953], "72": [6.0, 0.0006327629089355469], "73": [6.0, 0.0006673336029052734], "74": [6.0, 0.0007505416870117188], "75": [6.0, 0.0006480216979980469], "76": [6.0, 0.0006844997406005859], "81": [6.0, 0.0006766319274902344], "82": [6.0, 0.0006628036499023438], "85": [6.0, 0.0008115768432617188], "87": [6.0, 0.0007185935974121094], "89": [6.0, 0.0006668567657470703], "90": [6.0, 0.0008068084716796875], "91": [6.0, 0.0007524490356445312], "92": [6.0, 0.0007231235504150391], "93": [6.0, 0.0008378028869628906], "95": [6.0, 0.0007185935974121094], "96": [6.0, 0.0008704662322998047], "97": [6.0, 0.0007190704345703125], "98": [6.0, 0.0007429122924804688], "100": [6.0, 0.0008444786071777344], "101": [6.0, 0.0007863044738769531], "102": [6.0, 0.0007126331329345703], "104": [6.0, 0.0006892681121826172], "105": [6.0, 0.0007395744323730469], "106": [6.0, 0.0009338855743408203], "107": [6.0, 0.0006632804870605469], "108": [6.0, 0.0007262229919433594], "109": [6.0, 0.0006887912750244141], "110": [6.0, 0.0006992816925048828], "111": [6.0, 0.000667572021484375], "112": [6.0, 0.0007638931274414062], "113": [6.0, 0.0007283687591552734], "115": [6.0, 0.0006461143493652344], "116": [6.0, 0.0006756782531738281], "118": [6.0, 0.0009324550628662109], "120": [6.0, 0.0007994174957275391], "121": [6.0, 0.0008387565612792969], "122": [6.0, 0.0007197856903076172], "123": [6.0, 0.0007266998291015625], "124": [6.0, 0.0009219646453857422], "125": [6.0, 0.0007333755493164062], "128": [6.0, 0.0007128715515136719], "129": [6.0, 0.0008819103240966797], "130": [6.0, 0.0007436275482177734], "131": [6.0, 0.0007281303405761719], "132": [6.0, 0.0006988048553466797], "133": [6.0, 0.0008449554443359375], "135": [6.0, 0.0007076263427734375], "136": [6.0, 0.0006642341613769531], "138": [6.0, 0.0007476806640625], "140": [6.0, 0.00087738037109375], "142": [6.0, 0.0008111000061035156], "145": [6.0, 0.000728607177734375], "146": [6.0, 0.0006563663482666016], "147": [6.0, 0.0006344318389892578], "8": [6.0, 0.0007741451263427734], "9": [6.0, 0.0006673336029052734], "17": [6.0, 0.0008747577667236328], "18": [6.0, 0.0006206035614013672], "23": [6.0, 0.0006878376007080078], "24": [6.0, 0.0006482601165771484], "25": [6.0, 0.0006592273712158203], "34": [6.0, 0.00072479248046875], "40": [6.0, 0.0007188320159912109], "47": [6.0, 0.0006577968597412109], "62": [6.0, 0.0006854534149169922], "65": [6.0, 0.0007662773132324219], "69": [6.0, 0.0006833076477050781], "78": [6.0, 0.0006663799285888672], "79": [6.0, 0.0007264614105224609], "83": [6.0, 0.0007195472717285156], "86": [6.0, 0.0007507801055908203], "88": [6.0, 0.0006606578826904297], "94": [6.0, 0.0006823539733886719], "99": [6.0, 0.0009865760803222656], "114": [6.0, 0.0007004737854003906], "119": [6.0, 0.0006768703460693359], "126": [6.0, 0.0006322860717773438], "127": [6.0, 0.0006968975067138672], "134": [6.0, 0.00067138671875], "137": [6.0, 0.0007479190826416016], "144": [6.0, 0.0007092952728271484], "16": [6.0, 0.0007228851318359375], "19": [6.0, 0.0007684230804443359], "55": [6.0, 0.0007083415985107422], "77": [6.0, 0.0006687641143798828], "117": [6.0, 0.0007216930389404297], "139": [6.0, 0.0006899833679199219], "143": [6.0, 0.0007469654083251953], "39": [6.0, 0.0007379055023193359], "80": [6.0, 0.0006587505340576172], "84": [6.0, 0.0007264614105224609], "103": [6.0, 0.0008990764617919922], "141": [6.0, 0.0007855892181396484], "148": [6.0, 0.0007221698760986328], "149": [6.0, 0.0006580352783203125], "33": [6.0, 0.0007908344268798828], "37": [6.0, 0.0007421970367431641], "7": [6.0, 0.0006899833679199219]}