{"0": [5.0, 0.0008058547973632812], "3": [5.0, 0.0007073879241943359], "4": [5.0, 0.0008096694946289062], "6": [5.0, 0.0006451606750488281], "7": [5.0, 0.0006973743438720703], "8": [5.0, 0.0007121562957763672], "9": [5.0, 0.0005860328674316406], "10": [5.0, 0.0006906986236572266], "11": [5.0, 0.0007617473602294922], "12": [5.0, 0.0007579326629638672], "13": [5.0, 0.0006737709045410156], "14": [5.0, 0.0007448196411132812], "15": [5.0, 0.0007910728454589844], "18": [5.0, 0.0007824897766113281], "19": [5.0, 0.0007483959197998047], "20": [5.0, 0.0007545948028564453], "21": [5.0, 0.0007007122039794922], "22": [5.0, 0.0007877349853515625], "23": [5.0, 0.0006897449493408203], "24": [5.0, 0.0007236003875732422], "25": [5.0, 0.0006928443908691406], "27": [5.0, 0.0006203651428222656], "28": [5.0, 0.0007946491241455078], "29": [5.0, 0.0009512901306152344], "30": [5.0, 0.0006666183471679688], "31": [5.0, 0.0006895065307617188], "32": [5.0, 0.0007374286651611328], "33": [5.0, 0.0007379055023193359], "35": [5.0, 0.0006351470947265625], "36": [5.0, 0.0007281303405761719], "38": [5.0, 0.0007622241973876953], "39": [5.0, 0.0006625652313232422], "41": [5.0, 0.0006482601165771484], "42": [5.0, 0.0007035732269287109], "43": [5.0, 0.0007865428924560547], "46": [5.0, 0.0006594657897949219], "47": [5.0, 0.0007452964782714844], "48": [5.0, 0.0007150173187255859], "49": [5.0, 0.0005640983581542969], "50": [5.0, 0.0007214546203613281], "51": [5.0, 0.0007405281066894531], "53": [5.0, 0.0006093978881835938], "55": [5.0, 0.0007290840148925781], "58": [5.0, 0.0007355213165283203], "59": [5.0, 0.0006875991821289062], "61": [5.0, 0.0006167888641357422], "62": [5.0, 0.0007083415985107422], "63": [5.0, 0.0006659030914306641], "64": [5.0, 0.0006878376007080078], "65": [5.0, 0.0008127689361572266], "66": [5.0, 0.0006654262542724609], "68": [5.0, 0.000705718994140625], "70": [5.0, 0.0006771087646484375], "72": [5.0, 0.0006737709045410156], "73": [5.0, 0.0007336139678955078], "74": [5.0, 0.0007140636444091797], "75": [5.0, 0.0007033348083496094], "76": [5.0, 0.0007491111755371094], "77": [5.0, 0.0006287097930908203], "78": [5.0, 0.0007164478302001953], "79": [5.0, 0.0006687641143798828], "81": [5.0, 0.0007250308990478516], "82": [5.0, 0.0007369518280029297], "84": [5.0, 0.0007727146148681641], "86": [5.0, 0.0007083415985107422], "87": [5.0, 0.0006892681121826172], "88": [5.0, 0.0006308555603027344], "89": [5.0, 0.0005764961242675781], "90": [5.0, 0.0007219314575195312], "91": [5.0, 0.0007903575897216797], "93": [5.0, 0.0007739067077636719], "94": [5.0, 0.0007607936859130859], "96": [5.0, 0.0008037090301513672], "97": [5.0, 0.0007560253143310547], "99": [5.0, 0.0008592605590820312], "100": [5.0, 0.0007152557373046875], "101": [5.0, 0.000804901123046875], "102": [5.0, 0.0007510185241699219], "103": [5.0, 0.0007023811340332031], "104": [5.0, 0.0007395744323730469], "105": [5.0, 0.0006794929504394531], "107": [5.0, 0.0007777214050292969], "108": [5.0, 0.0007576942443847656], "109": [5.0, 0.0007297992706298828], "110": [5.0, 0.0007393360137939453], "112": [5.0, 0.0006053447723388672], "113": [5.0, 0.0007569789886474609], "114": [5.0, 0.0007085800170898438], "115": [5.0, 0.0007753372192382812], "116": [5.0, 0.0006213188171386719], "118": [5.0, 0.0007088184356689453], "119": [5.0, 0.0008151531219482422], "120": [5.0, 0.0007348060607910156], "121": [5.0, 0.0006895065307617188], "122": [5.0, 0.0007464885711669922], "123": [5.0, 0.0007784366607666016], "124": [5.0, 0.0007050037384033203], "125": [5.0, 0.0006349086761474609], "126": [5.0, 0.0007848739624023438], "127": [5.0, 0.0006425380706787109], "128": [5.0, 0.0006196498870849609], "130": [5.0, 0.0007660388946533203], "132": [5.0, 0.0007612705230712891], "133": [5.0, 0.0006685256958007812], "134": [5.0, 0.0007872581481933594], "135": [5.0, 0.0007739067077636719], "136": [5.0, 0.0007500648498535156], "137": [5.0, 0.0006048679351806641], "138": [5.0, 0.0006685256958007812], "140": [5.0, 0.0006926059722900391], "141": [5.0, 0.0006377696990966797], "142": [5.0, 0.0007534027099609375], "143": [5.0, 0.0006964206695556641], "144": [5.0, 0.0006291866302490234], "146": [5.0, 0.0007429122924804688], "147": [5.0, 0.0007970333099365234], "148": [5.0, 0.0007617473602294922], "149": [5.0, 0.0006527900695800781], "1": [5.0, 0.0007283687591552734], "2": [5.0, 0.0006933212280273438], "5": [5.0, 0.0007197856903076172], "16": [5.0, 0.0007231235504150391], "17": [5.0, 0.000682830810546875], "26": [5.0, 0.0006897449493408203], "34": [5.0, 0.0007348060607910156], "37": [5.0, 0.0007243156433105469], "40": [5.0, 0.0007224082946777344], "44": [5.0, 0.000644683837890625], "45": [5.0, 0.0007920265197753906], "54": [5.0, 0.0007069110870361328], "56": [5.0, 0.0007452964782714844], "57": [5.0, 0.0007755756378173828], "60": [5.0, 0.0006978511810302734], "67": [5.0, 0.0007355213165283203], "69": [5.0, 0.0007066726684570312], "71": [5.0, 0.0007288455963134766], "80": [5.0, 0.000713348388671875], "83": [5.0, 0.0006725788116455078], "85": [5.0, 0.0006611347198486328], "92": [5.0, 0.0006878376007080078], "95": [5.0, 0.0006883144378662109], "98": [5.0, 0.0007116794586181641], "106": [5.0, 0.0007677078247070312], "117": [5.0, 0.0007565021514892578], "129": [5.0, 0.0007088184356689453], "139": [5.0, 0.0007367134094238281], "145": [5.0, 0.0006196498870849609], "52": [5.0, 0.0007078647613525391], "131": [5.0, 0.000682830810546875], "111": [5.0, 0.0007169246673583984]}