{"0": [4.0, 0.000736236572265625], "1": [4.0, 0.0007543563842773438], "2": [4.0, 0.0007610321044921875], "3": [4.0, 0.0007441043853759766], "5": [4.0, 0.0005748271942138672], "7": [4.0, 0.0006837844848632812], "8": [4.0, 0.0007898807525634766], "10": [4.0, 0.0007646083831787109], "12": [4.0, 0.0008280277252197266], "13": [4.0, 0.0007994174957275391], "14": [4.0, 0.00074005126953125], "15": [4.0, 0.0006999969482421875], "16": [4.0, 0.0007302761077880859], "17": [4.0, 0.0006773471832275391], "18": [4.0, 0.0007047653198242188], "19": [4.0, 0.0006785392761230469], "21": [4.0, 0.0006704330444335938], "22": [4.0, 0.0006785392761230469], "23": [4.0, 0.0006868839263916016], "24": [4.0, 0.0007121562957763672], "25": [4.0, 0.0006325244903564453], "26": [4.0, 0.0007114410400390625], "27": [4.0, 0.0007393360137939453], "28": [4.0, 0.0006542205810546875], "29": [4.0, 0.0006127357482910156], "30": [4.0, 0.00060272216796875], "32": [4.0, 0.0006875991821289062], "33": [4.0, 0.0007059574127197266], "35": [4.0, 0.0006477832794189453], "36": [4.0, 0.0006647109985351562], "37": [4.0, 0.0007474422454833984], "39": [4.0, 0.0007472038269042969], "41": [4.0, 0.0007464885711669922], "42": [4.0, 0.0006644725799560547], "43": [4.0, 0.0006699562072753906], "44": [4.0, 0.0007519721984863281], "45": [4.0, 0.0008349418640136719], "46": [4.0, 0.0007572174072265625], "47": [4.0, 0.0008676052093505859], "48": [4.0, 0.0007529258728027344], "49": [4.0, 0.0007326602935791016], "50": [4.0, 0.0007262229919433594], "51": [4.0, 0.0006849765777587891], "52": [4.0, 0.0006935596466064453], "53": [4.0, 0.0007016658782958984], "54": [4.0, 0.0007853507995605469], "55": [4.0, 0.0007443428039550781], "56": [4.0, 0.0007076263427734375], "57": [4.0, 0.0007181167602539062], "58": [4.0, 0.0006382465362548828], "60": [4.0, 0.0007066726684570312], "61": [4.0, 0.0007455348968505859], "62": [4.0, 0.000728607177734375], "63": [4.0, 0.0008132457733154297], "64": [4.0, 0.0006303787231445312], "65": [4.0, 0.0006654262542724609], "66": [4.0, 0.0006387233734130859], "67": [4.0, 0.0007565021514892578], "68": [4.0, 0.0006935596466064453], "69": [4.0, 0.0007123947143554688], "71": [4.0, 0.000640869140625], "72": [4.0, 0.0006964206695556641], "75": [4.0, 0.0006575584411621094], "76": [4.0, 0.0007834434509277344], "77": [4.0, 0.0005857944488525391], "78": [4.0, 0.0007162094116210938], "79": [4.0, 0.0006747245788574219], "80": [4.0, 0.0007181167602539062], "81": [4.0, 0.0006494522094726562], "82": [4.0, 0.0005860328674316406], "83": [4.0, 0.0007159709930419922], "85": [4.0, 0.00074005126953125], "86": [4.0, 0.0007143020629882812], "87": [4.0, 0.0007381439208984375], "89": [4.0, 0.0006387233734130859], "91": [4.0, 0.0007321834564208984], "92": [4.0, 0.0006463527679443359], "93": [4.0, 0.0007386207580566406], "94": [4.0, 0.0006654262542724609], "95": [4.0, 0.0008022785186767578], "96": [4.0, 0.0007240772247314453], "97": [4.0, 0.0006730556488037109], "99": [4.0, 0.0007319450378417969], "100": [4.0, 0.0007097721099853516], "102": [4.0, 0.0007789134979248047], "103": [4.0, 0.0007770061492919922], "104": [4.0, 0.0007574558258056641], "105": [4.0, 0.0006649494171142578], "106": [4.0, 0.0006346702575683594], "107": [4.0, 0.0006575584411621094], "108": [4.0, 0.0006725788116455078], "109": [4.0, 0.0006430149078369141], "111": [4.0, 0.0006570816040039062], "112": [4.0, 0.0007598400115966797], "113": [4.0, 0.0007007122039794922], "114": [4.0, 0.0006000995635986328], "115": [4.0, 0.0005853176116943359], "117": [4.0, 0.0006575584411621094], "118": [4.0, 0.0006194114685058594], "119": [4.0, 0.0006666183471679688], "120": [4.0, 0.0006587505340576172], "121": [4.0, 0.0006580352783203125], "122": [4.0, 0.0006411075592041016], "123": [4.0, 0.0007011890411376953], "124": [4.0, 0.0006139278411865234], "126": [4.0, 0.0007379055023193359], "128": [4.0, 0.0007224082946777344], "129": [4.0, 0.0006830692291259766], "130": [4.0, 0.0006511211395263672], "131": [4.0, 0.0007107257843017578], "132": [4.0, 0.00072479248046875], "133": [4.0, 0.0007135868072509766], "134": [4.0, 0.0007231235504150391], "135": [4.0, 0.0007178783416748047], "138": [4.0, 0.0006401538848876953], "139": [4.0, 0.0005986690521240234], "140": [4.0, 0.0006439685821533203], "141": [4.0, 0.0008361339569091797], "142": [4.0, 0.0006115436553955078], "143": [4.0, 0.0006048679351806641], "144": [4.0, 0.0006937980651855469], "145": [4.0, 0.0006742477416992188], "146": [4.0, 0.0007207393646240234], "147": [4.0, 0.0007011890411376953], "148": [4.0, 0.0007061958312988281], "149": [4.0, 0.0006949901580810547], "4": [4.0, 0.0006561279296875], "6": [4.0, 0.0006890296936035156], "9": [4.0, 0.0006384849548339844], "11": [4.0, 0.0006744861602783203], "20": [4.0, 0.0006780624389648438], "31": [4.0, 0.0005793571472167969], "34": [4.0, 0.0006597042083740234], "38": [4.0, 0.0006887912750244141], "40": [4.0, 0.0006818771362304688], "59": [4.0, 0.0006737709045410156], "73": [4.0, 0.0006535053253173828], "74": [4.0, 0.0005834102630615234], "88": [4.0, 0.0007157325744628906], "90": [4.0, 0.0005795955657958984], "98": [4.0, 0.0007581710815429688], "101": [4.0, 0.0006067752838134766], "110": [4.0, 0.0007379055023193359], "116": [4.0, 0.0007250308990478516], "125": [4.0, 0.0006761550903320312], "127": [4.0, 0.0006787776947021484], "136": [4.0, 0.0005776882171630859], "70": [4.0, 0.0006506443023681641], "84": [4.0, 0.0006706714630126953], "137": [4.0, 0.0006887912750244141]}