{"0": [5.0, 0.0008046627044677734], "1": [5.0, 0.0008041858673095703], "2": [6.0, 0.0007655620574951172], "3": [6.0, 0.0006952285766601562], "5": [6.0, 0.0006487369537353516], "7": [5.0, 0.0007808208465576172], "8": [5.0, 0.0007808208465576172], "10": [6.0, 0.0008568763732910156], "12": [5.0, 0.0007598400115966797], "13": [5.0, 0.0007712841033935547], "14": [6.0, 0.0007219314575195312], "15": [5.0, 0.0007843971252441406], "16": [5.0, 0.0007731914520263672], "17": [5.0, 0.0009043216705322266], "18": [5.0, 0.0007243156433105469], "19": [5.0, 0.0007448196411132812], "21": [5.0, 0.0007445812225341797], "22": [5.0, 0.0006318092346191406], "23": [5.0, 0.0007078647613525391], "24": [5.0, 0.0007135868072509766], "25": [5.0, 0.0006322860717773438], "26": [5.0, 0.0006837844848632812], "27": [5.0, 0.0007081031799316406], "29": [6.0, 0.0007836818695068359], "30": [5.0, 0.0007250308990478516], "33": [5.0, 0.0006933212280273438], "35": [6.0, 0.0007550716400146484], "36": [5.0, 0.0006732940673828125], "37": [5.0, 0.0006978511810302734], "39": [5.0, 0.0007622241973876953], "42": [6.0, 0.0006611347198486328], "43": [6.0, 0.0006585121154785156], "44": [5.0, 0.0007405281066894531], "45": [6.0, 0.0007326602935791016], "46": [5.0, 0.0006732940673828125], "47": [5.0, 0.0007097721099853516], "48": [6.0, 0.0007100105285644531], "49": [5.0, 0.000720977783203125], "50": [5.0, 0.0006620883941650391], "51": [5.0, 0.0006351470947265625], "52": [6.0, 0.0007643699645996094], "54": [5.0, 0.0007796287536621094], "55": [6.0, 0.0007908344268798828], "56": [5.0, 0.0007183551788330078], "57": [5.0, 0.0007250308990478516], "58": [5.0, 0.0006399154663085938], "60": [5.0, 0.0007288455963134766], "61": [5.0, 0.0007750988006591797], "63": [5.0, 0.0006632804870605469], "64": [5.0, 0.0007138252258300781], "65": [6.0, 0.0007603168487548828], "66": [5.0, 0.0007326602935791016], "67": [5.0, 0.0006458759307861328], "68": [5.0, 0.0006539821624755859], "69": [5.0, 0.0007829666137695312], "71": [5.0, 0.0006482601165771484], "72": [6.0, 0.0006868839263916016], "75": [5.0, 0.0007965564727783203], "76": [5.0, 0.0007266998291015625], "77": [6.0, 0.0007884502410888672], "78": [5.0, 0.0007736682891845703], "79": [5.0, 0.0007328987121582031], "80": [6.0, 0.0006892681121826172], "81": [6.0, 0.0007688999176025391], "83": [5.0, 0.0006873607635498047], "85": [6.0, 0.0007145404815673828], "86": [5.0, 0.000690460205078125], "87": [6.0, 0.0006818771362304688], "89": [6.0, 0.0007436275482177734], "91": [5.0, 0.0007929801940917969], "92": [5.0, 0.0007953643798828125], "93": [5.0, 0.0009746551513671875], "94": [6.0, 0.0007033348083496094], "95": [5.0, 0.0008296966552734375], "96": [6.0, 0.0007798671722412109], "97": [6.0, 0.0006520748138427734], "99": [6.0, 0.0008132457733154297], "100": [5.0, 0.0007944107055664062], "102": [6.0, 0.0008153915405273438], "103": [5.0, 0.0007114410400390625], "104": [5.0, 0.0007493495941162109], "105": [5.0, 0.0006310939788818359], "107": [5.0, 0.0007159709930419922], "108": [5.0, 0.0007221698760986328], "109": [5.0, 0.0007348060607910156], "111": [6.0, 0.0006220340728759766], "112": [6.0, 0.0009639263153076172], "114": [5.0, 0.0007207393646240234], "115": [5.0, 0.0006194114685058594], "117": [5.0, 0.0008149147033691406], "118": [5.0, 0.0007481575012207031], "119": [5.0, 0.0007002353668212891], "120": [6.0, 0.0007309913635253906], "121": [5.0, 0.0007126331329345703], "123": [5.0, 0.00078582763671875], "124": [5.0, 0.0007441043853759766], "128": [5.0, 0.0007307529449462891], "129": [5.0, 0.0007028579711914062], "130": [6.0, 0.0007567405700683594], "131": [5.0, 0.0007529258728027344], "132": [5.0, 0.0007145404815673828], "133": [6.0, 0.0007424354553222656], "134": [5.0, 0.0008347034454345703], "135": [5.0, 0.0007078647613525391], "138": [5.0, 0.0007002353668212891], "139": [6.0, 0.0007014274597167969], "140": [5.0, 0.0007174015045166016], "141": [6.0, 0.0007905960083007812], "142": [5.0, 0.0007398128509521484], "143": [5.0, 0.0007567405700683594], "145": [6.0, 0.0009613037109375], "146": [6.0, 0.0007429122924804688], "147": [5.0, 0.0007455348968505859], "148": [5.0, 0.0007185935974121094], "149": [5.0, 0.0007727146148681641], "4": [5.0, 0.0007009506225585938], "6": [6.0, 0.0007197856903076172], "9": [5.0, 0.0006783008575439453], "11": [6.0, 0.0006573200225830078], "20": [5.0, 0.0008044242858886719], "28": [5.0, 0.0006306171417236328], "31": [5.0, 0.0007460117340087891], "32": [6.0, 0.0008020401000976562], "38": [6.0, 0.0006618499755859375], "40": [6.0, 0.0006964206695556641], "41": [5.0, 0.0007314682006835938], "53": [5.0, 0.0006580352783203125], "59": [5.0, 0.0006787776947021484], "62": [6.0, 0.0006437301635742188], "73": [6.0, 0.0007681846618652344], "74": [5.0, 0.0007426738739013672], "82": [6.0, 0.0007741451263427734], "88": [5.0, 0.0007717609405517578], "90": [5.0, 0.0007383823394775391], "98": [5.0, 0.0006327629089355469], "101": [5.0, 0.0007495880126953125], "106": [5.0, 0.0006225109100341797], "110": [6.0, 0.0006740093231201172], "113": [5.0, 0.0007052421569824219], "116": [5.0, 0.000751495361328125], "122": [5.0, 0.0007336139678955078], "125": [5.0, 0.0006873607635498047], "126": [5.0, 0.000736236572265625], "127": [5.0, 0.0007283687591552734], "136": [6.0, 0.0007345676422119141], "144": [6.0, 0.0007302761077880859], "70": [6.0, 0.0007088184356689453], "84": [5.0, 0.0005970001220703125], "137": [6.0, 0.0007493495941162109], "34": [6.0, 0.0007426738739013672]}