{"0": [4.0, 0.0008120536804199219], "1": [4.0, 0.0006709098815917969], "2": [4.0, 0.0006334781646728516], "3": [4.0, 0.0005996227264404297], "4": [4.0, 0.0006792545318603516], "5": [4.0, 0.0006062984466552734], "6": [4.0, 0.0007679462432861328], "8": [4.0, 0.0008478164672851562], "9": [4.0, 0.0006706714630126953], "10": [4.0, 0.0005786418914794922], "11": [4.0, 0.0006568431854248047], "12": [4.0, 0.0006749629974365234], "13": [4.0, 0.0006453990936279297], "14": [4.0, 0.0005915164947509766], "15": [4.0, 0.0006084442138671875], "17": [4.0, 0.0006086826324462891], "18": [4.0, 0.0006568431854248047], "19": [4.0, 0.0006518363952636719], "20": [4.0, 0.0007307529449462891], "21": [4.0, 0.0005998611450195312], "22": [4.0, 0.0005741119384765625], "23": [4.0, 0.0007202625274658203], "24": [4.0, 0.0006155967712402344], "25": [4.0, 0.0006487369537353516], "26": [4.0, 0.0006766319274902344], "27": [4.0, 0.0006365776062011719], "28": [4.0, 0.0007393360137939453], "29": [4.0, 0.00072479248046875], "30": [4.0, 0.0006718635559082031], "31": [4.0, 0.0006868839263916016], "32": [4.0, 0.000598907470703125], "34": [4.0, 0.0006740093231201172], "35": [4.0, 0.0006475448608398438], "36": [4.0, 0.0007085800170898438], "38": [4.0, 0.0006802082061767578], "39": [4.0, 0.0006542205810546875], "40": [4.0, 0.00066375732421875], "41": [4.0, 0.0006806850433349609], "42": [4.0, 0.0006783008575439453], "43": [4.0, 0.0006422996520996094], "44": [4.0, 0.0005791187286376953], "45": [4.0, 0.0007054805755615234], "46": [4.0, 0.0006139278411865234], "47": [4.0, 0.0006952285766601562], "48": [4.0, 0.0006747245788574219], "49": [4.0, 0.0006146430969238281], "50": [4.0, 0.0006995201110839844], "51": [4.0, 0.0006873607635498047], "52": [4.0, 0.0007011890411376953], "53": [4.0, 0.0007159709930419922], "54": [4.0, 0.0005736351013183594], "56": [4.0, 0.0006885528564453125], "57": [4.0, 0.0007810592651367188], "58": [4.0, 0.0007393360137939453], "59": [4.0, 0.0007228851318359375], "60": [4.0, 0.0007719993591308594], "61": [4.0, 0.0006947517395019531], "62": [4.0, 0.0007121562957763672], "63": [4.0, 0.0008006095886230469], "64": [4.0, 0.0006966590881347656], "66": [4.0, 0.0006926059722900391], "67": [4.0, 0.0006246566772460938], "68": [4.0, 0.0006299018859863281], "69": [4.0, 0.0006959438323974609], "70": [4.0, 0.0006489753723144531], "71": [4.0, 0.0006718635559082031], "72": [4.0, 0.0007278919219970703], "73": [4.0, 0.0006897449493408203], "74": [4.0, 0.0006580352783203125], "75": [4.0, 0.0006792545318603516], "76": [4.0, 0.0006556510925292969], "77": [4.0, 0.0006914138793945312], "79": [4.0, 0.0006928443908691406], "81": [4.0, 0.0006575584411621094], "82": [4.0, 0.0006709098815917969], "84": [4.0, 0.0006680488586425781], "85": [4.0, 0.0006630420684814453], "87": [4.0, 0.0006334781646728516], "88": [4.0, 0.0007197856903076172], "89": [4.0, 0.0008041858673095703], "90": [4.0, 0.000835418701171875], "91": [4.0, 0.0007283687591552734], "92": [4.0, 0.0007135868072509766], "93": [4.0, 0.0007014274597167969], "95": [4.0, 0.0006327629089355469], "96": [4.0, 0.0006430149078369141], "97": [4.0, 0.0007059574127197266], "98": [4.0, 0.0006544589996337891], "99": [4.0, 0.0006206035614013672], "100": [4.0, 0.0006768703460693359], "101": [4.0, 0.0006656646728515625], "102": [4.0, 0.0006692409515380859], "104": [4.0, 0.0006847381591796875], "105": [4.0, 0.0005712509155273438], "106": [4.0, 0.0006659030914306641], "107": [4.0, 0.0006525516510009766], "108": [4.0, 0.0005962848663330078], "109": [4.0, 0.0006010532379150391], "110": [4.0, 0.0006477832794189453], "111": [4.0, 0.0006668567657470703], "112": [4.0, 0.0006909370422363281], "113": [4.0, 0.0006847381591796875], "115": [4.0, 0.0006601810455322266], "116": [4.0, 0.0006411075592041016], "117": [4.0, 0.0006799697875976562], "118": [4.0, 0.0006482601165771484], "120": [4.0, 0.0006885528564453125], "121": [4.0, 0.0006871223449707031], "122": [4.0, 0.0006673336029052734], "123": [4.0, 0.0008192062377929688], "124": [4.0, 0.0006928443908691406], "125": [4.0, 0.0007069110870361328], "126": [4.0, 0.0006783008575439453], "127": [4.0, 0.0006780624389648438], "128": [4.0, 0.0006694793701171875], "129": [4.0, 0.0007123947143554688], "130": [4.0, 0.0005848407745361328], "131": [4.0, 0.0006508827209472656], "132": [4.0, 0.0006525516510009766], "133": [4.0, 0.0006463527679443359], "134": [4.0, 0.0007016658782958984], "135": [4.0, 0.0006270408630371094], "136": [4.0, 0.0006735324859619141], "138": [4.0, 0.0006346702575683594], "140": [4.0, 0.0006732940673828125], "142": [4.0, 0.0006074905395507812], "143": [4.0, 0.0005998611450195312], "144": [4.0, 0.0006585121154785156], "145": [4.0, 0.0006654262542724609], "146": [4.0, 0.0006697177886962891], "147": [4.0, 0.0007622241973876953], "148": [4.0, 0.0006434917449951172], "149": [4.0, 0.0007100105285644531], "7": [4.0, 0.0006427764892578125], "33": [4.0, 0.0006268024444580078], "37": [4.0, 0.0006837844848632812], "55": [4.0, 0.0006055831909179688], "65": [4.0, 0.0006802082061767578], "78": [4.0, 0.0006716251373291016], "80": [4.0, 0.0007159709930419922], "83": [4.0, 0.0007076263427734375], "86": [4.0, 0.0006580352783203125], "94": [4.0, 0.0006518363952636719], "114": [4.0, 0.0006051063537597656], "119": [4.0, 0.0006437301635742188], "137": [4.0, 0.0006330013275146484], "141": [4.0, 0.0006265640258789062], "16": [4.0, 0.0006811618804931641], "103": [4.0, 0.0006723403930664062], "139": [4.0, 0.0006597042083740234]}