{"0": [5.0, 0.0009140968322753906], "1": [6.0, 0.0007658004760742188], "3": [6.0, 0.0007302761077880859], "4": [5.0, 0.0006563663482666016], "5": [5.0, 0.0006694793701171875], "6": [5.0, 0.0007512569427490234], "7": [6.0, 0.0008091926574707031], "8": [5.0, 0.0007739067077636719], "9": [5.0, 0.0007257461547851562], "10": [5.0, 0.0006856918334960938], "12": [6.0, 0.0006320476531982422], "13": [6.0, 0.0007987022399902344], "14": [5.0, 0.0008196830749511719], "15": [6.0, 0.0008509159088134766], "16": [5.0, 0.0007798671722412109], "17": [5.0, 0.0007038116455078125], "20": [5.0, 0.0007224082946777344], "21": [5.0, 0.0007894039154052734], "22": [6.0, 0.0008139610290527344], "24": [5.0, 0.0007371902465820312], "25": [5.0, 0.0009484291076660156], "26": [5.0, 0.0010099411010742188], "27": [5.0, 0.0008494853973388672], "28": [6.0, 0.0008847713470458984], "29": [5.0, 0.0008113384246826172], "30": [5.0, 0.0007245540618896484], "31": [6.0, 0.0009703636169433594], "32": [5.0, 0.00102996826171875], "33": [5.0, 0.0007915496826171875], "34": [6.0, 0.0008881092071533203], "35": [5.0, 0.0007493495941162109], "36": [6.0, 0.0006749629974365234], "38": [5.0, 0.0007445812225341797], "39": [5.0, 0.0007736682891845703], "40": [5.0, 0.0008373260498046875], "43": [5.0, 0.00067138671875], "44": [5.0, 0.000812530517578125], "45": [5.0, 0.0007894039154052734], "46": [6.0, 0.0007848739624023438], "48": [5.0, 0.0007584095001220703], "50": [5.0, 0.0007956027984619141], "51": [5.0, 0.0007374286651611328], "52": [5.0, 0.000705718994140625], "55": [6.0, 0.0007081031799316406], "56": [5.0, 0.0008516311645507812], "57": [6.0, 0.0008053779602050781], "58": [5.0, 0.0007419586181640625], "59": [6.0, 0.0006990432739257812], "60": [5.0, 0.0006768703460693359], "61": [5.0, 0.0007789134979248047], "62": [5.0, 0.0007433891296386719], "63": [5.0, 0.0007598400115966797], "64": [6.0, 0.0006411075592041016], "65": [5.0, 0.0007448196411132812], "66": [5.0, 0.0008471012115478516], "67": [5.0, 0.0007359981536865234], "68": [6.0, 0.0007979869842529297], "69": [5.0, 0.0008223056793212891], "70": [6.0, 0.0007638931274414062], "71": [5.0, 0.00075531005859375], "72": [5.0, 0.0007872581481933594], "73": [5.0, 0.0007545948028564453], "74": [6.0, 0.0006496906280517578], "76": [5.0, 0.0007224082946777344], "77": [5.0, 0.0007579326629638672], "78": [6.0, 0.0007076263427734375], "79": [5.0, 0.0006804466247558594], "81": [6.0, 0.0006570816040039062], "82": [5.0, 0.0007333755493164062], "84": [5.0, 0.0007703304290771484], "85": [5.0, 0.0007603168487548828], "87": [6.0, 0.0007128715515136719], "88": [5.0, 0.0006806850433349609], "89": [5.0, 0.0007107257843017578], "90": [5.0, 0.0008482933044433594], "92": [6.0, 0.0007252693176269531], "93": [5.0, 0.0007932186126708984], "96": [5.0, 0.0007970333099365234], "98": [5.0, 0.0007374286651611328], "99": [5.0, 0.0006628036499023438], "100": [5.0, 0.0007774829864501953], "101": [5.0, 0.000988006591796875], "103": [6.0, 0.000812530517578125], "104": [5.0, 0.0006055831909179688], "105": [5.0, 0.0006701946258544922], "106": [5.0, 0.00074005126953125], "107": [5.0, 0.0007295608520507812], "108": [6.0, 0.0006327629089355469], "109": [6.0, 0.0007474422454833984], "110": [5.0, 0.0006315708160400391], "111": [5.0, 0.0006093978881835938], "112": [5.0, 0.0006854534149169922], "113": [5.0, 0.0007715225219726562], "114": [5.0, 0.0006175041198730469], "115": [6.0, 0.0007188320159912109], "116": [5.0, 0.0006532669067382812], "118": [5.0, 0.0007295608520507812], "119": [5.0, 0.0007636547088623047], "121": [5.0, 0.0007684230804443359], "123": [5.0, 0.0007097721099853516], "124": [5.0, 0.0006873607635498047], "125": [6.0, 0.0007989406585693359], "126": [6.0, 0.0006592273712158203], "127": [5.0, 0.0006906986236572266], "128": [5.0, 0.000774383544921875], "129": [5.0, 0.0008137226104736328], "130": [5.0, 0.0007266998291015625], "131": [5.0, 0.0006582736968994141], "132": [5.0, 0.0007419586181640625], "133": [5.0, 0.0008115768432617188], "134": [5.0, 0.0007121562957763672], "135": [5.0, 0.0007467269897460938], "136": [5.0, 0.000759124755859375], "137": [5.0, 0.0007076263427734375], "138": [5.0, 0.0007700920104980469], "139": [5.0, 0.0007252693176269531], "140": [5.0, 0.0007817745208740234], "141": [6.0, 0.0008122920989990234], "142": [5.0, 0.0007619857788085938], "143": [5.0, 0.0007753372192382812], "144": [5.0, 0.0007839202880859375], "145": [5.0, 0.0007777214050292969], "147": [6.0, 0.0006823539733886719], "148": [5.0, 0.0007598400115966797], "149": [5.0, 0.0007455348968505859], "11": [6.0, 0.0007448196411132812], "18": [5.0, 0.0007345676422119141], "19": [5.0, 0.0006225109100341797], "37": [5.0, 0.0007357597351074219], "41": [5.0, 0.000720977783203125], "42": [6.0, 0.0007455348968505859], "47": [5.0, 0.0006601810455322266], "49": [5.0, 0.000629425048828125], "53": [5.0, 0.0007598400115966797], "80": [5.0, 0.0008013248443603516], "91": [5.0, 0.0006778240203857422], "95": [5.0, 0.0007131099700927734], "97": [5.0, 0.0007958412170410156], "102": [5.0, 0.0008478164672851562], "120": [5.0, 0.0007846355438232422], "122": [5.0, 0.0006971359252929688], "146": [5.0, 0.0007495880126953125], "2": [5.0, 0.0006566047668457031], "23": [5.0, 0.0007381439208984375], "75": [5.0, 0.0007905960083007812], "83": [5.0, 0.0007574558258056641], "86": [5.0, 0.0007431507110595703], "94": [5.0, 0.0007195472717285156], "117": [5.0, 0.0007417201995849609], "54": [5.0, 0.0007162094116210938]}