{"0": [5.0, 0.0008029937744140625], "1": [5.0, 0.0008678436279296875], "2": [5.0, 0.0009605884552001953], "3": [5.0, 0.0009064674377441406], "4": [5.0, 0.0008726119995117188], "5": [5.0, 0.0008053779602050781], "6": [5.0, 0.0006830692291259766], "7": [5.0, 0.0006320476531982422], "9": [5.0, 0.000797271728515625], "10": [5.0, 0.0007183551788330078], "12": [5.0, 0.0007345676422119141], "14": [5.0, 0.0007729530334472656], "15": [5.0, 0.0006396770477294922], "16": [5.0, 0.0008308887481689453], "17": [5.0, 0.0007290840148925781], "19": [5.0, 0.000659942626953125], "20": [5.0, 0.0007910728454589844], "21": [5.0, 0.0007293224334716797], "22": [5.0, 0.000774383544921875], "23": [5.0, 0.0007483959197998047], "24": [5.0, 0.0006976127624511719], "25": [5.0, 0.0006985664367675781], "26": [5.0, 0.0006556510925292969], "28": [5.0, 0.0007467269897460938], "29": [5.0, 0.0006666183471679688], "31": [5.0, 0.0006704330444335938], "33": [5.0, 0.0006897449493408203], "35": [5.0, 0.0007624626159667969], "38": [5.0, 0.0007379055023193359], "39": [5.0, 0.000759124755859375], "40": [5.0, 0.0007746219635009766], "42": [5.0, 0.0006864070892333984], "43": [5.0, 0.0007176399230957031], "44": [5.0, 0.0007777214050292969], "45": [5.0, 0.0007643699645996094], "46": [5.0, 0.0006680488586425781], "47": [5.0, 0.0006170272827148438], "48": [5.0, 0.0007700920104980469], "49": [5.0, 0.0008602142333984375], "51": [5.0, 0.0007419586181640625], "55": [5.0, 0.0007376670837402344], "56": [5.0, 0.0006809234619140625], "60": [5.0, 0.0007159709930419922], "61": [5.0, 0.0006480216979980469], "62": [5.0, 0.0007050037384033203], "64": [5.0, 0.0008003711700439453], "65": [5.0, 0.0007457733154296875], "66": [5.0, 0.0007784366607666016], "69": [5.0, 0.0007562637329101562], "71": [5.0, 0.0007207393646240234], "72": [5.0, 0.0007448196411132812], "73": [5.0, 0.0008111000061035156], "74": [5.0, 0.0008440017700195312], "76": [5.0, 0.0007944107055664062], "77": [5.0, 0.0007014274597167969], "78": [5.0, 0.0007994174957275391], "79": [5.0, 0.0007877349853515625], "80": [5.0, 0.00072479248046875], "83": [5.0, 0.0006840229034423828], "85": [5.0, 0.0007939338684082031], "86": [5.0, 0.0008144378662109375], "87": [5.0, 0.0007119178771972656], "88": [5.0, 0.0007410049438476562], "89": [5.0, 0.000997304916381836], "90": [5.0, 0.0006470680236816406], "91": [5.0, 0.0008463859558105469], "92": [5.0, 0.0008158683776855469], "93": [5.0, 0.0006992816925048828], "95": [5.0, 0.0008730888366699219], "98": [5.0, 0.0007576942443847656], "99": [5.0, 0.0008716583251953125], "100": [5.0, 0.0008835792541503906], "101": [5.0, 0.0007765293121337891], "102": [5.0, 0.0008113384246826172], "103": [5.0, 0.0008380413055419922], "104": [5.0, 0.0008220672607421875], "106": [5.0, 0.0008356571197509766], "107": [5.0, 0.0006520748138427734], "108": [5.0, 0.0008318424224853516], "109": [5.0, 0.0007741451263427734], "110": [5.0, 0.0007166862487792969], "112": [5.0, 0.0007801055908203125], "113": [5.0, 0.0007355213165283203], "114": [5.0, 0.0007288455963134766], "115": [5.0, 0.0007314682006835938], "116": [5.0, 0.0008103847503662109], "117": [5.0, 0.0006177425384521484], "118": [5.0, 0.0007674694061279297], "119": [5.0, 0.000698089599609375], "120": [5.0, 0.0007565021514892578], "121": [5.0, 0.0006659030914306641], "122": [5.0, 0.0007145404815673828], "123": [5.0, 0.000774383544921875], "124": [5.0, 0.0008292198181152344], "125": [5.0, 0.0008132457733154297], "126": [5.0, 0.0007045269012451172], "127": [5.0, 0.000732421875], "128": [5.0, 0.0008065700531005859], "129": [5.0, 0.0007412433624267578], "131": [5.0, 0.0007259845733642578], "132": [5.0, 0.0007970333099365234], "133": [5.0, 0.0008471012115478516], "134": [5.0, 0.0006997585296630859], "135": [5.0, 0.0007658004760742188], "136": [5.0, 0.000732421875], "137": [5.0, 0.0007045269012451172], "138": [5.0, 0.0007612705230712891], "139": [5.0, 0.0007660388946533203], "140": [5.0, 0.0006916522979736328], "141": [5.0, 0.0006666183471679688], "142": [5.0, 0.0006463527679443359], "143": [5.0, 0.00072479248046875], "144": [5.0, 0.0006966590881347656], "145": [5.0, 0.00081634521484375], "146": [5.0, 0.0009379386901855469], "148": [5.0, 0.0006649494171142578], "149": [5.0, 0.0007708072662353516], "8": [5.0, 0.0007586479187011719], "11": [5.0, 0.0007684230804443359], "18": [5.0, 0.0008099079132080078], "27": [5.0, 0.0006594657897949219], "30": [5.0, 0.0007059574127197266], "32": [5.0, 0.0007739067077636719], "34": [5.0, 0.0007083415985107422], "36": [5.0, 0.0006299018859863281], "37": [5.0, 0.0007910728454589844], "41": [5.0, 0.0006325244903564453], "50": [5.0, 0.0007288455963134766], "52": [5.0, 0.0007710456848144531], "53": [5.0, 0.0006389617919921875], "54": [5.0, 0.0006697177886962891], "58": [5.0, 0.0007474422454833984], "63": [5.0, 0.0006012916564941406], "67": [5.0, 0.0007302761077880859], "68": [5.0, 0.0007269382476806641], "75": [5.0, 0.0006148815155029297], "81": [5.0, 0.0007550716400146484], "82": [5.0, 0.0006575584411621094], "94": [5.0, 0.0007061958312988281], "96": [5.0, 0.0007688999176025391], "97": [5.0, 0.0007152557373046875], "105": [5.0, 0.0007357597351074219], "111": [5.0, 0.0007383823394775391], "130": [5.0, 0.0007791519165039062], "147": [5.0, 0.0006835460662841797], "13": [5.0, 0.0006811618804931641], "57": [5.0, 0.0007987022399902344], "59": [5.0, 0.0005838871002197266], "70": [5.0, 0.0007596015930175781], "84": [5.0, 0.00066375732421875]}