{"0": [7.0, 0.015435934066772461], "1": [7.0, 0.010059118270874023], "2": [6.0, 0.013139963150024414], "3": [7.0, 0.010029077529907227], "4": [6.0, 0.010436058044433594], "5": [6.0, 0.009980916976928711], "6": [6.0, 0.010200738906860352], "10": [6.0, 0.010955810546875], "11": [6.0, 0.009785890579223633], "12": [7.0, 0.010421991348266602], "13": [6.0, 0.009505987167358398], "14": [7.0, 0.010237932205200195], "15": [6.0, 0.010404825210571289], "20": [7.0, 0.010317087173461914], "21": [6.0, 0.011466026306152344], "22": [7.0, 0.010384798049926758], "26": [7.0, 0.009751081466674805], "27": [6.0, 0.009953975677490234], "28": [7.0, 0.009974956512451172], "29": [6.0, 0.01166391372680664], "30": [7.0, 0.011245012283325195], "31": [7.0, 0.009584903717041016], "32": [6.0, 0.012480974197387695], "35": [7.0, 0.011204004287719727], "36": [7.0, 0.012170791625976562], "38": [7.0, 0.009531021118164062], "41": [6.0, 0.009905815124511719], "42": [6.0, 0.010819196701049805], "43": [6.0, 0.010673284530639648], "44": [6.0, 0.011686086654663086], "45": [7.0, 0.013297080993652344], "46": [7.0, 0.010303974151611328], "48": [6.0, 0.009948968887329102], "49": [6.0, 0.008450984954833984], "50": [6.0, 0.010871171951293945], "51": [7.0, 0.012439966201782227], "52": [7.0, 0.010320663452148438], "53": [7.0, 0.010259866714477539], "54": [7.0, 0.011321067810058594], "56": [6.0, 0.01564788818359375], "57": [6.0, 0.010124921798706055], "58": [7.0, 0.010300159454345703], "59": [6.0, 0.009800910949707031], "60": [7.0, 0.010430097579956055], "61": [6.0, 0.010589838027954102], "63": [7.0, 0.009899139404296875], "64": [7.0, 0.01004791259765625], "66": [6.0, 0.009952068328857422], "67": [7.0, 0.010236263275146484], "68": [6.0, 0.012198925018310547], "70": [7.0, 0.011566162109375], "71": [7.0, 0.010790348052978516], "72": [6.0, 0.010498046875], "73": [6.0, 0.010102033615112305], "74": [6.0, 0.010879993438720703], "75": [7.0, 0.011278152465820312], "76": [7.0, 0.01142430305480957], "81": [7.0, 0.010263204574584961], "82": [6.0, 0.010185003280639648], "85": [7.0, 0.011211872100830078], "87": [7.0, 0.012048006057739258], "89": [7.0, 0.012060880661010742], "90": [7.0, 0.010616064071655273], "91": [7.0, 0.010421991348266602], "92": [7.0, 0.010657072067260742], "93": [7.0, 0.010933160781860352], "95": [6.0, 0.010154962539672852], "96": [7.0, 0.012046098709106445], "97": [7.0, 0.010650873184204102], "98": [6.0, 0.01024317741394043], "100": [7.0, 0.010125160217285156], "101": [7.0, 0.010855913162231445], "102": [7.0, 0.012119054794311523], "104": [7.0, 0.011089086532592773], "105": [7.0, 0.010282039642333984], "106": [7.0, 0.01041102409362793], "107": [6.0, 0.011677742004394531], "108": [7.0, 0.011956930160522461], "109": [6.0, 0.009206056594848633], "110": [6.0, 0.010219097137451172], "111": [7.0, 0.010100126266479492], "112": [6.0, 0.010013103485107422], "113": [7.0, 0.009119987487792969], "115": [6.0, 0.01055598258972168], "116": [6.0, 0.0100860595703125], "118": [7.0, 0.013133049011230469], "120": [7.0, 0.009780168533325195], "121": [6.0, 0.01001119613647461], "122": [6.0, 0.00929713249206543], "123": [7.0, 0.010095834732055664], "124": [7.0, 0.010914087295532227], "125": [7.0, 0.011812210083007812], "128": [6.0, 0.011415958404541016], "129": [7.0, 0.010861873626708984], "130": [6.0, 0.010173797607421875], "131": [6.0, 0.010426998138427734], "132": [6.0, 0.009808063507080078], "133": [7.0, 0.01199483871459961], "135": [7.0, 0.010264158248901367], "136": [7.0, 0.010843992233276367], "138": [6.0, 0.010111093521118164], "140": [7.0, 0.011425018310546875], "142": [7.0, 0.011193990707397461], "145": [6.0, 0.010937213897705078], "146": [7.0, 0.010406017303466797], "147": [7.0, 0.011362075805664062], "151": [6.0, 0.009861946105957031], "152": [6.0, 0.010163068771362305], "154": [7.0, 0.012805938720703125], "156": [6.0, 0.011364221572875977], "157": [7.0, 0.01040196418762207], "158": [6.0, 0.010427713394165039], "159": [6.0, 0.011195182800292969], "162": [7.0, 0.009860754013061523], "165": [7.0, 0.010050773620605469], "166": [7.0, 0.009607315063476562], "168": [6.0, 0.010057926177978516], "170": [7.0, 0.009997129440307617], "171": [6.0, 0.010040044784545898], "172": [7.0, 0.0099639892578125], "173": [7.0, 0.012634038925170898], "174": [7.0, 0.009932994842529297], "177": [7.0, 0.010004997253417969], "178": [6.0, 0.010162830352783203], "180": [6.0, 0.010070085525512695], "182": [7.0, 0.011502981185913086], "186": [7.0, 0.011310100555419922], "188": [7.0, 0.012024879455566406], "189": [7.0, 0.010116815567016602], "190": [7.0, 0.009825706481933594], "193": [7.0, 0.010172843933105469], "194": [6.0, 0.011027097702026367], "195": [7.0, 0.010478973388671875], "196": [6.0, 0.010094165802001953], "197": [6.0, 0.012300968170166016], "198": [7.0, 0.009145021438598633], "7": [6.0, 0.012306928634643555], "16": [6.0, 0.010793924331665039], "18": [7.0, 0.01085805892944336], "19": [7.0, 0.011519908905029297], "23": [7.0, 0.010269880294799805], "33": [7.0, 0.010820627212524414], "37": [6.0, 0.009876012802124023], "39": [7.0, 0.009785175323486328], "47": [6.0, 0.013579845428466797], "55": [7.0, 0.009628772735595703], "65": [7.0, 0.00975799560546875], "69": [7.0, 0.010077953338623047], "77": [6.0, 0.010165929794311523], "78": [6.0, 0.012395143508911133], "79": [6.0, 0.011152982711791992], "80": [6.0, 0.010647058486938477], "83": [6.0, 0.010167121887207031], "84": [7.0, 0.009742021560668945], "86": [7.0, 0.009994983673095703], "88": [7.0, 0.010803937911987305], "94": [7.0, 0.009546041488647461], "103": [7.0, 0.010297060012817383], "114": [7.0, 0.010949850082397461], "119": [6.0, 0.010329961776733398], "126": [6.0, 0.011831045150756836], "127": [7.0, 0.010688066482543945], "137": [6.0, 0.009636163711547852], "139": [7.0, 0.01044011116027832], "141": [7.0, 0.010252952575683594], "149": [6.0, 0.010207891464233398], "155": [7.0, 0.009866952896118164], "160": [6.0, 0.009977102279663086], "161": [7.0, 0.009620189666748047], "163": [6.0, 0.010081768035888672], "167": [7.0, 0.010316133499145508], "175": [7.0, 0.009743928909301758], "176": [6.0, 0.00989532470703125], "179": [7.0, 0.010519981384277344], "183": [6.0, 0.009612083435058594], "184": [7.0, 0.009632110595703125], "187": [7.0, 0.01014089584350586], "191": [6.0, 0.009101152420043945], "199": [6.0, 0.01053309440612793], "17": [7.0, 0.009932756423950195], "25": [6.0, 0.010921239852905273], "34": [6.0, 0.011121034622192383], "40": [7.0, 0.010249137878417969], "62": [6.0, 0.010246992111206055], "134": [6.0, 0.011158943176269531], "143": [7.0, 0.010939836502075195], "148": [7.0, 0.011472940444946289], "150": [7.0, 0.009784221649169922], "153": [6.0, 0.010998964309692383], "164": [7.0, 0.010680198669433594], "169": [7.0, 0.008651971817016602], "185": [6.0, 0.011722087860107422], "192": [7.0, 0.009905099868774414], "9": [7.0, 0.010957956314086914], "99": [6.0, 0.010554075241088867], "117": [6.0, 0.009703874588012695], "144": [6.0, 0.012192010879516602], "181": [7.0, 0.01064300537109375], "8": [7.0, 0.010332822799682617], "24": [7.0, 0.009654045104980469]}