{"0": [4.0, 0.01650691032409668], "1": [4.0, 0.011523246765136719], "2": [4.0, 0.01201486587524414], "3": [4.0, 0.012284278869628906], "4": [4.0, 0.01147603988647461], "5": [4.0, 0.011229991912841797], "6": [4.0, 0.012196063995361328], "7": [4.0, 0.010183095932006836], "8": [4.0, 0.010830879211425781], "9": [4.0, 0.011903047561645508], "10": [4.0, 0.010877132415771484], "12": [4.0, 0.011973857879638672], "13": [4.0, 0.011165857315063477], "14": [4.0, 0.012682914733886719], "15": [4.0, 0.010565757751464844], "16": [4.0, 0.012104988098144531], "17": [4.0, 0.012075185775756836], "18": [4.0, 0.011713981628417969], "19": [4.0, 0.012624025344848633], "20": [4.0, 0.011324167251586914], "21": [4.0, 0.011389970779418945], "22": [4.0, 0.011760234832763672], "23": [4.0, 0.010384082794189453], "24": [4.0, 0.011596918106079102], "25": [4.0, 0.011424064636230469], "26": [4.0, 0.010915756225585938], "27": [4.0, 0.011814117431640625], "28": [4.0, 0.013485193252563477], "29": [4.0, 0.013813972473144531], "30": [4.0, 0.011579036712646484], "31": [4.0, 0.012359857559204102], "33": [4.0, 0.012196063995361328], "34": [4.0, 0.012507915496826172], "35": [4.0, 0.011869192123413086], "37": [4.0, 0.010912179946899414], "38": [4.0, 0.013548135757446289], "39": [4.0, 0.011780023574829102], "40": [4.0, 0.012196063995361328], "42": [4.0, 0.011573076248168945], "43": [4.0, 0.010677099227905273], "44": [4.0, 0.011090278625488281], "45": [4.0, 0.012451887130737305], "46": [4.0, 0.010266780853271484], "47": [4.0, 0.01092386245727539], "48": [4.0, 0.00982809066772461], "49": [4.0, 0.010204076766967773], "51": [4.0, 0.011721134185791016], "53": [4.0, 0.013112783432006836], "55": [4.0, 0.010304927825927734], "56": [4.0, 0.010344982147216797], "57": [4.0, 0.011024236679077148], "60": [4.0, 0.010786771774291992], "61": [4.0, 0.011368989944458008], "62": [4.0, 0.011123895645141602], "63": [4.0, 0.010138988494873047], "64": [4.0, 0.012440204620361328], "65": [4.0, 0.010699033737182617], "66": [4.0, 0.011617183685302734], "67": [4.0, 0.011217832565307617], "69": [4.0, 0.012389183044433594], "70": [4.0, 0.011178016662597656], "71": [4.0, 0.010604619979858398], "72": [4.0, 0.010837078094482422], "73": [4.0, 0.012382268905639648], "74": [4.0, 0.011338949203491211], "75": [4.0, 0.012761116027832031], "76": [4.0, 0.011634111404418945], "77": [4.0, 0.012952089309692383], "78": [4.0, 0.011745929718017578], "79": [4.0, 0.01243281364440918], "80": [4.0, 0.012758016586303711], "81": [4.0, 0.011712074279785156], "83": [4.0, 0.01335287094116211], "85": [4.0, 0.010308980941772461], "86": [4.0, 0.010092973709106445], "87": [4.0, 0.012258768081665039], "88": [4.0, 0.011353254318237305], "89": [4.0, 0.01075291633605957], "90": [4.0, 0.011060953140258789], "91": [4.0, 0.011252880096435547], "92": [4.0, 0.010428905487060547], "93": [4.0, 0.010737180709838867], "94": [4.0, 0.011665105819702148], "95": [4.0, 0.01067209243774414], "97": [4.0, 0.010236263275146484], "98": [4.0, 0.0106201171875], "99": [4.0, 0.011786937713623047], "100": [4.0, 0.010579109191894531], "101": [4.0, 0.009902715682983398], "102": [4.0, 0.0101470947265625], "103": [4.0, 0.010133981704711914], "104": [4.0, 0.012209177017211914], "106": [4.0, 0.011960029602050781], "107": [4.0, 0.010902881622314453], "108": [4.0, 0.011450052261352539], "109": [4.0, 0.011042118072509766], "110": [4.0, 0.010981321334838867], "112": [4.0, 0.010340213775634766], "113": [4.0, 0.011273860931396484], "114": [4.0, 0.01223301887512207], "115": [4.0, 0.01285409927368164], "116": [4.0, 0.010392904281616211], "117": [4.0, 0.012541055679321289], "118": [4.0, 0.009844064712524414], "119": [4.0, 0.010088920593261719], "120": [4.0, 0.011518001556396484], "121": [4.0, 0.012810945510864258], "122": [4.0, 0.011111259460449219], "123": [4.0, 0.010064125061035156], "124": [4.0, 0.010525941848754883], "125": [4.0, 0.012700080871582031], "126": [4.0, 0.013030052185058594], "127": [4.0, 0.009163856506347656], "128": [4.0, 0.011417150497436523], "129": [4.0, 0.012591838836669922], "131": [4.0, 0.013933181762695312], "132": [4.0, 0.012605905532836914], "133": [4.0, 0.011353731155395508], "134": [4.0, 0.010710954666137695], "135": [4.0, 0.013048171997070312], "136": [4.0, 0.011872053146362305], "137": [4.0, 0.011511087417602539], "138": [4.0, 0.010574102401733398], "139": [4.0, 0.01110219955444336], "140": [4.0, 0.01082301139831543], "141": [4.0, 0.013855934143066406], "142": [4.0, 0.010277986526489258], "143": [4.0, 0.010504961013793945], "144": [4.0, 0.010263919830322266], "145": [4.0, 0.010509252548217773], "146": [4.0, 0.011091947555541992], "147": [4.0, 0.011833906173706055], "148": [4.0, 0.01009988784790039], "149": [4.0, 0.01251077651977539], "150": [4.0, 0.01205301284790039], "151": [4.0, 0.009514808654785156], "152": [4.0, 0.01326894760131836], "153": [4.0, 0.01127314567565918], "154": [4.0, 0.012710809707641602], "155": [4.0, 0.012048959732055664], "156": [4.0, 0.01116323471069336], "157": [4.0, 0.011521100997924805], "158": [4.0, 0.011391162872314453], "159": [4.0, 0.010394096374511719], "160": [4.0, 0.011308908462524414], "161": [4.0, 0.012705087661743164], "162": [4.0, 0.009966850280761719], "163": [4.0, 0.010732889175415039], "164": [4.0, 0.012754201889038086], "165": [4.0, 0.012419939041137695], "166": [4.0, 0.012511014938354492], "167": [4.0, 0.011033058166503906], "168": [4.0, 0.012855768203735352], "169": [4.0, 0.010917186737060547], "170": [4.0, 0.011901140213012695], "171": [4.0, 0.011075973510742188], "172": [4.0, 0.01139211654663086], "173": [4.0, 0.011960029602050781], "174": [4.0, 0.01250600814819336], "175": [4.0, 0.011301040649414062], "176": [4.0, 0.011173009872436523], "177": [4.0, 0.010607719421386719], "178": [4.0, 0.01032876968383789], "179": [4.0, 0.010504961013793945], "180": [4.0, 0.011232852935791016], "181": [4.0, 0.012853860855102539], "182": [4.0, 0.011175870895385742], "184": [4.0, 0.010576725006103516], "185": [4.0, 0.012989997863769531], "187": [4.0, 0.011742830276489258], "189": [4.0, 0.011551141738891602], "192": [4.0, 0.010973930358886719], "193": [4.0, 0.012956857681274414], "194": [4.0, 0.01214909553527832], "195": [4.0, 0.011330127716064453], "196": [4.0, 0.012652158737182617], "197": [4.0, 0.013000965118408203], "198": [4.0, 0.010823965072631836], "199": [4.0, 0.011284112930297852], "11": [4.0, 0.01088714599609375], "32": [4.0, 0.010349035263061523], "36": [4.0, 0.01042485237121582], "41": [4.0, 0.011252880096435547], "50": [4.0, 0.01164698600769043], "52": [4.0, 0.011825799942016602], "54": [4.0, 0.013013839721679688], "58": [4.0, 0.011206865310668945], "59": [4.0, 0.013631820678710938], "68": [4.0, 0.011661052703857422], "82": [4.0, 0.01304316520690918], "84": [4.0, 0.012782096862792969], "96": [4.0, 0.01045083999633789], "105": [4.0, 0.010989665985107422], "111": [4.0, 0.022122859954833984], "130": [4.0, 0.011281251907348633], "183": [4.0, 0.012315034866333008], "188": [4.0, 0.013979196548461914], "190": [4.0, 0.011157989501953125], "191": [4.0, 0.012969970703125], "186": [4.0, 0.012117147445678711]}