{"0": [4.0, 0.08912324905395508], "3": [4.0, 0.011389970779418945], "4": [4.0, 0.011793851852416992], "5": [4.0, 0.011855840682983398], "6": [4.0, 0.009454965591430664], "7": [4.0, 0.012985706329345703], "8": [4.0, 0.011690855026245117], "9": [4.0, 0.012192964553833008], "10": [4.0, 0.00950002670288086], "11": [4.0, 0.009716987609863281], "12": [4.0, 0.01164102554321289], "13": [4.0, 0.010875701904296875], "14": [4.0, 0.011847972869873047], "15": [4.0, 0.012563943862915039], "18": [4.0, 0.011435985565185547], "19": [4.0, 0.013025045394897461], "20": [4.0, 0.012445926666259766], "21": [4.0, 0.01286005973815918], "22": [4.0, 0.012109994888305664], "23": [4.0, 0.011200904846191406], "24": [4.0, 0.010116815567016602], "25": [4.0, 0.009980201721191406], "26": [4.0, 0.009309053421020508], "27": [4.0, 0.011516809463500977], "28": [4.0, 0.011194705963134766], "29": [4.0, 0.012714147567749023], "30": [4.0, 0.01274418830871582], "31": [4.0, 0.011842966079711914], "32": [4.0, 0.01038813591003418], "33": [4.0, 0.011846065521240234], "35": [4.0, 0.012102842330932617], "36": [4.0, 0.011221170425415039], "37": [4.0, 0.011865854263305664], "38": [4.0, 0.011373043060302734], "39": [4.0, 0.010916948318481445], "41": [4.0, 0.01164102554321289], "42": [4.0, 0.01258397102355957], "43": [4.0, 0.01606607437133789], "46": [4.0, 0.014983892440795898], "47": [4.0, 0.013051986694335938], "48": [4.0, 0.014327049255371094], "49": [4.0, 0.011829853057861328], "50": [4.0, 0.01184988021850586], "51": [4.0, 0.01639080047607422], "53": [4.0, 0.013501882553100586], "54": [4.0, 0.012646913528442383], "55": [4.0, 0.012321949005126953], "56": [4.0, 0.011901140213012695], "57": [4.0, 0.011713027954101562], "58": [4.0, 0.013241052627563477], "59": [4.0, 0.02042675018310547], "61": [4.0, 0.014369726181030273], "62": [4.0, 0.012982845306396484], "63": [4.0, 0.019128084182739258], "64": [4.0, 0.014171838760375977], "65": [4.0, 0.013772964477539062], "66": [4.0, 0.013846874237060547], "68": [4.0, 0.011885643005371094], "70": [4.0, 0.012558937072753906], "72": [4.0, 0.012231826782226562], "73": [4.0, 0.012011051177978516], "74": [4.0, 0.012539148330688477], "75": [4.0, 0.011290311813354492], "76": [4.0, 0.010748147964477539], "77": [4.0, 0.011802196502685547], "78": [4.0, 0.012060165405273438], "79": [4.0, 0.01015329360961914], "81": [4.0, 0.010402202606201172], "82": [4.0, 0.012092828750610352], "83": [4.0, 0.010208845138549805], "84": [4.0, 0.010966062545776367], "86": [4.0, 0.012195825576782227], "87": [4.0, 0.010503053665161133], "88": [4.0, 0.011141061782836914], "89": [4.0, 0.011300802230834961], "90": [4.0, 0.009972095489501953], "91": [4.0, 0.012455940246582031], "92": [4.0, 0.01059103012084961], "93": [4.0, 0.01110982894897461], "94": [4.0, 0.011607885360717773], "95": [4.0, 0.01017904281616211], "96": [4.0, 0.010036230087280273], "97": [4.0, 0.011158943176269531], "98": [4.0, 0.008505821228027344], "99": [4.0, 0.011377096176147461], "100": [4.0, 0.01180720329284668], "101": [4.0, 0.012037277221679688], "102": [4.0, 0.01257014274597168], "103": [4.0, 0.01888585090637207], "104": [4.0, 0.012115955352783203], "105": [4.0, 0.008756875991821289], "107": [4.0, 0.009697914123535156], "108": [4.0, 0.010934829711914062], "109": [4.0, 0.010581016540527344], "110": [4.0, 0.010417938232421875], "111": [4.0, 0.009245157241821289], "112": [4.0, 0.010931253433227539], "113": [4.0, 0.010152101516723633], "114": [4.0, 0.011499166488647461], "115": [4.0, 0.009647846221923828], "116": [4.0, 0.010351896286010742], "118": [4.0, 0.012630224227905273], "119": [4.0, 0.011803150177001953], "120": [4.0, 0.01122903823852539], "121": [4.0, 0.01639866828918457], "122": [4.0, 0.013025045394897461], "123": [4.0, 0.012575149536132812], "124": [4.0, 0.012090921401977539], "125": [4.0, 0.01095724105834961], "126": [4.0, 0.012005090713500977], "127": [4.0, 0.009209156036376953], "128": [4.0, 0.009485006332397461], "130": [4.0, 0.011460065841674805], "131": [4.0, 0.010780096054077148], "132": [4.0, 0.011622190475463867], "133": [4.0, 0.013935089111328125], "134": [4.0, 0.012579202651977539], "135": [4.0, 0.011486053466796875], "136": [4.0, 0.011014938354492188], "137": [4.0, 0.009467840194702148], "138": [4.0, 0.011345863342285156], "139": [4.0, 0.010942220687866211], "140": [4.0, 0.010533809661865234], "141": [4.0, 0.008411884307861328], "142": [4.0, 0.011655807495117188], "143": [4.0, 0.011399030685424805], "144": [4.0, 0.010145187377929688], "146": [4.0, 0.012047767639160156], "147": [4.0, 0.01146078109741211], "148": [4.0, 0.01005697250366211], "149": [4.0, 0.011543989181518555], "150": [4.0, 0.011916875839233398], "151": [4.0, 0.010573148727416992], "152": [4.0, 0.012027263641357422], "153": [4.0, 0.011487960815429688], "154": [4.0, 0.01007699966430664], "155": [4.0, 0.01032876968383789], "156": [4.0, 0.011629104614257812], "157": [4.0, 0.011088848114013672], "161": [4.0, 0.009202003479003906], "162": [4.0, 0.011419057846069336], "163": [4.0, 0.010068178176879883], "164": [4.0, 0.012553930282592773], "165": [4.0, 0.011604070663452148], "166": [4.0, 0.01086115837097168], "167": [4.0, 0.01000070571899414], "168": [4.0, 0.011461734771728516], "169": [4.0, 0.01164388656616211], "170": [4.0, 0.009039878845214844], "171": [4.0, 0.010601997375488281], "172": [4.0, 0.010351181030273438], "173": [4.0, 0.010198116302490234], "174": [4.0, 0.010253190994262695], "175": [4.0, 0.008493661880493164], "176": [4.0, 0.010853290557861328], "177": [4.0, 0.010334014892578125], "178": [4.0, 0.010526895523071289], "179": [4.0, 0.008916139602661133], "180": [4.0, 0.011523723602294922], "181": [4.0, 0.010668039321899414], "182": [4.0, 0.011468172073364258], "183": [4.0, 0.009551048278808594], "184": [4.0, 0.008893966674804688], "185": [4.0, 0.012183904647827148], "188": [4.0, 0.012410879135131836], "189": [4.0, 0.011642932891845703], "190": [4.0, 0.010524988174438477], "191": [4.0, 0.010432004928588867], "192": [4.0, 0.011247873306274414], "193": [4.0, 0.01157522201538086], "194": [4.0, 0.012305021286010742], "195": [4.0, 0.011191129684448242], "196": [4.0, 0.011623859405517578], "197": [4.0, 0.01133584976196289], "198": [4.0, 0.011588811874389648], "199": [4.0, 0.010246753692626953], "1": [4.0, 0.009352922439575195], "16": [4.0, 0.011210918426513672], "17": [4.0, 0.012167215347290039], "34": [4.0, 0.011636018753051758], "40": [4.0, 0.01184225082397461], "44": [4.0, 0.011532783508300781], "45": [4.0, 0.01141810417175293], "52": [4.0, 0.011486053466796875], "60": [4.0, 0.011465072631835938], "67": [4.0, 0.011983871459960938], "69": [4.0, 0.011395692825317383], "71": [4.0, 0.010608196258544922], "80": [4.0, 0.011834859848022461], "85": [4.0, 0.01125025749206543], "106": [4.0, 0.008989334106445312], "145": [4.0, 0.011848926544189453], "158": [4.0, 0.011394977569580078], "159": [4.0, 0.011385917663574219], "160": [4.0, 0.011958837509155273], "186": [4.0, 0.01116633415222168], "187": [4.0, 0.00859689712524414], "2": [4.0, 0.009910106658935547], "117": [4.0, 0.012120962142944336], "129": [4.0, 0.011368989944458008]}