{"0": [5.0, 0.017110109329223633], "1": [5.0, 0.012212991714477539], "2": [6.0, 0.013277053833007812], "3": [5.0, 0.013245820999145508], "4": [5.0, 0.013366937637329102], "5": [6.0, 0.012403011322021484], "6": [5.0, 0.012247085571289062], "9": [6.0, 0.01217794418334961], "10": [5.0, 0.010929107666015625], "11": [6.0, 0.011397838592529297], "12": [5.0, 0.012280941009521484], "13": [6.0, 0.009531021118164062], "14": [5.0, 0.010579347610473633], "15": [6.0, 0.010408878326416016], "20": [5.0, 0.011610269546508789], "21": [5.0, 0.011939764022827148], "22": [5.0, 0.009197235107421875], "23": [6.0, 0.01028299331665039], "26": [6.0, 0.01110696792602539], "27": [5.0, 0.011520862579345703], "28": [6.0, 0.011893033981323242], "29": [5.0, 0.01231694221496582], "30": [5.0, 0.011198043823242188], "31": [5.0, 0.012621164321899414], "32": [5.0, 0.011518001556396484], "35": [5.0, 0.012698888778686523], "36": [5.0, 0.012539863586425781], "38": [6.0, 0.010111093521118164], "41": [6.0, 0.010301351547241211], "42": [5.0, 0.00926518440246582], "43": [6.0, 0.008873939514160156], "44": [6.0, 0.011352777481079102], "45": [6.0, 0.010175943374633789], "46": [6.0, 0.011099100112915039], "48": [5.0, 0.010772943496704102], "49": [5.0, 0.01149296760559082], "50": [5.0, 0.010013818740844727], "51": [6.0, 0.009718894958496094], "52": [6.0, 0.009454965591430664], "53": [5.0, 0.009535074234008789], "54": [6.0, 0.011571884155273438], "56": [5.0, 0.013454198837280273], "57": [6.0, 0.011944293975830078], "58": [5.0, 0.011866092681884766], "59": [5.0, 0.012724876403808594], "60": [5.0, 0.012611150741577148], "61": [5.0, 0.012120246887207031], "62": [6.0, 0.011834859848022461], "63": [6.0, 0.011576175689697266], "64": [6.0, 0.012132883071899414], "66": [6.0, 0.011726856231689453], "67": [6.0, 0.011918067932128906], "68": [6.0, 0.011945009231567383], "69": [6.0, 0.011909246444702148], "70": [6.0, 0.01216888427734375], "71": [6.0, 0.011806011199951172], "72": [5.0, 0.010762929916381836], "73": [5.0, 0.011610984802246094], "74": [6.0, 0.011416196823120117], "75": [6.0, 0.010162830352783203], "76": [6.0, 0.009654045104980469], "79": [5.0, 0.011552095413208008], "81": [6.0, 0.01153707504272461], "82": [5.0, 0.00984811782836914], "84": [5.0, 0.011185169219970703], "85": [5.0, 0.012903928756713867], "87": [6.0, 0.01205301284790039], "89": [6.0, 0.01057291030883789], "90": [6.0, 0.010564804077148438], "91": [5.0, 0.012735843658447266], "92": [5.0, 0.012932062149047852], "93": [5.0, 0.011558771133422852], "95": [5.0, 0.00964498519897461], "96": [5.0, 0.011418819427490234], "97": [5.0, 0.01248311996459961], "98": [6.0, 0.011539936065673828], "99": [5.0, 0.00931692123413086], "100": [6.0, 0.009330272674560547], "101": [5.0, 0.012019157409667969], "102": [5.0, 0.009296178817749023], "104": [5.0, 0.009872913360595703], "105": [6.0, 0.01151585578918457], "106": [6.0, 0.011255979537963867], "107": [5.0, 0.009953022003173828], "108": [5.0, 0.009800195693969727], "109": [6.0, 0.009431838989257812], "110": [5.0, 0.009777307510375977], "111": [6.0, 0.009881019592285156], "112": [5.0, 0.011733055114746094], "113": [5.0, 0.011073112487792969], "115": [5.0, 0.009659051895141602], "116": [6.0, 0.009974002838134766], "117": [6.0, 0.009437799453735352], "118": [5.0, 0.009402036666870117], "120": [5.0, 0.009492874145507812], "121": [5.0, 0.009211301803588867], "122": [6.0, 0.01291799545288086], "123": [5.0, 0.009239673614501953], "124": [5.0, 0.012262105941772461], "125": [5.0, 0.010782957077026367], "128": [5.0, 0.009902000427246094], "129": [6.0, 0.010058879852294922], "130": [5.0, 0.009970903396606445], "131": [5.0, 0.012542247772216797], "132": [5.0, 0.009337186813354492], "133": [6.0, 0.010309219360351562], "135": [5.0, 0.010639190673828125], "136": [5.0, 0.009266853332519531], "138": [5.0, 0.010483741760253906], "140": [6.0, 0.00882577896118164], "142": [5.0, 0.009716033935546875], "143": [6.0, 0.009664058685302734], "144": [6.0, 0.009189128875732422], "145": [5.0, 0.011398792266845703], "146": [6.0, 0.01089620590209961], "147": [6.0, 0.009717226028442383], "151": [6.0, 0.009567975997924805], "152": [5.0, 0.012386798858642578], "153": [5.0, 0.01031184196472168], "154": [5.0, 0.010057926177978516], "156": [6.0, 0.009882688522338867], "157": [5.0, 0.010554313659667969], "158": [5.0, 0.009537696838378906], "159": [6.0, 0.010699987411499023], "162": [6.0, 0.009385824203491211], "165": [5.0, 0.009350776672363281], "166": [6.0, 0.010547876358032227], "168": [5.0, 0.01146697998046875], "170": [5.0, 0.010805130004882812], "171": [6.0, 0.009424209594726562], "172": [6.0, 0.01143193244934082], "173": [5.0, 0.009529829025268555], "174": [6.0, 0.009325027465820312], "175": [6.0, 0.010119915008544922], "177": [6.0, 0.009516000747680664], "178": [5.0, 0.011182785034179688], "180": [6.0, 0.009774923324584961], "182": [6.0, 0.012820959091186523], "184": [6.0, 0.010142803192138672], "186": [6.0, 0.009490013122558594], "188": [6.0, 0.00952291488647461], "189": [5.0, 0.009606122970581055], "190": [5.0, 0.009335756301879883], "192": [6.0, 0.009776830673217773], "193": [6.0, 0.009610176086425781], "194": [6.0, 0.010407209396362305], "195": [6.0, 0.012634754180908203], "196": [6.0, 0.013283967971801758], "197": [5.0, 0.012860774993896484], "198": [6.0, 0.01226496696472168], "7": [5.0, 0.010397911071777344], "16": [5.0, 0.0099029541015625], "18": [6.0, 0.009560823440551758], "19": [6.0, 0.010382890701293945], "25": [5.0, 0.009454011917114258], "33": [5.0, 0.010081052780151367], "37": [5.0, 0.009515047073364258], "39": [5.0, 0.010085821151733398], "47": [5.0, 0.009541034698486328], "55": [6.0, 0.009979009628295898], "65": [5.0, 0.010999917984008789], "77": [5.0, 0.011738777160644531], "78": [5.0, 0.01167607307434082], "80": [5.0, 0.009435892105102539], "83": [6.0, 0.009873151779174805], "86": [6.0, 0.009620189666748047], "88": [6.0, 0.009153127670288086], "94": [6.0, 0.011421918869018555], "103": [5.0, 0.009125947952270508], "114": [6.0, 0.009490966796875], "119": [5.0, 0.009724855422973633], "126": [5.0, 0.009680986404418945], "127": [5.0, 0.009405136108398438], "137": [5.0, 0.009747982025146484], "139": [5.0, 0.011626958847045898], "141": [5.0, 0.010202169418334961], "149": [6.0, 0.010058164596557617], "150": [5.0, 0.010491132736206055], "155": [5.0, 0.009584903717041016], "160": [5.0, 0.010224103927612305], "161": [6.0, 0.011317729949951172], "163": [5.0, 0.010834932327270508], "167": [5.0, 0.009730100631713867], "176": [6.0, 0.011063098907470703], "179": [5.0, 0.010926008224487305], "183": [6.0, 0.009747028350830078], "187": [6.0, 0.009074926376342773], "191": [5.0, 0.009668111801147461], "199": [5.0, 0.010630130767822266], "17": [5.0, 0.011020660400390625], "34": [5.0, 0.00986480712890625], "40": [6.0, 0.01019597053527832], "134": [5.0, 0.009039163589477539], "148": [6.0, 0.009418010711669922], "164": [5.0, 0.009514093399047852], "169": [5.0, 0.011540889739990234], "181": [5.0, 0.01159977912902832], "185": [6.0, 0.00969696044921875], "8": [5.0, 0.009557723999023438], "24": [5.0, 0.01291799545288086]}