{"0": [5.0, 0.016058921813964844], "1": [5.0, 0.010574817657470703], "3": [5.0, 0.010248899459838867], "4": [5.0, 0.012034893035888672], "5": [5.0, 0.011940717697143555], "6": [5.0, 0.010011911392211914], "7": [5.0, 0.010133028030395508], "8": [5.0, 0.009703874588012695], "9": [5.0, 0.010226011276245117], "10": [5.0, 0.012176036834716797], "12": [5.0, 0.011093854904174805], "13": [5.0, 0.010414838790893555], "14": [5.0, 0.012161970138549805], "15": [5.0, 0.012275934219360352], "16": [5.0, 0.010578155517578125], "17": [5.0, 0.010780096054077148], "20": [5.0, 0.02150702476501465], "21": [5.0, 0.012503862380981445], "22": [5.0, 0.011315107345581055], "24": [5.0, 0.01022195816040039], "25": [5.0, 0.010283708572387695], "26": [5.0, 0.011159896850585938], "27": [5.0, 0.010432958602905273], "28": [5.0, 0.010243892669677734], "29": [5.0, 0.012144088745117188], "30": [5.0, 0.010544300079345703], "31": [5.0, 0.013312101364135742], "32": [5.0, 0.011612892150878906], "33": [5.0, 0.010071039199829102], "34": [5.0, 0.012294292449951172], "35": [5.0, 0.01081395149230957], "36": [5.0, 0.01147913932800293], "38": [5.0, 0.009811878204345703], "39": [5.0, 0.010432004928588867], "40": [5.0, 0.01171422004699707], "43": [5.0, 0.012372970581054688], "44": [5.0, 0.011075973510742188], "45": [5.0, 0.010864019393920898], "46": [5.0, 0.010524749755859375], "48": [5.0, 0.010673761367797852], "50": [5.0, 0.010342121124267578], "51": [5.0, 0.010506868362426758], "52": [5.0, 0.010599136352539062], "55": [5.0, 0.010037899017333984], "56": [5.0, 0.01011204719543457], "57": [5.0, 0.010445833206176758], "58": [5.0, 0.010746955871582031], "59": [5.0, 0.010445117950439453], "60": [5.0, 0.012499332427978516], "61": [5.0, 0.010051250457763672], "62": [5.0, 0.010077953338623047], "63": [5.0, 0.010924100875854492], "64": [5.0, 0.010605096817016602], "65": [5.0, 0.00987696647644043], "66": [5.0, 0.012997150421142578], "67": [5.0, 0.011279821395874023], "68": [5.0, 0.010927200317382812], "69": [5.0, 0.010496139526367188], "70": [5.0, 0.010589838027954102], "71": [5.0, 0.010750055313110352], "72": [5.0, 0.010545969009399414], "73": [5.0, 0.01010894775390625], "74": [5.0, 0.009855985641479492], "76": [5.0, 0.010185003280639648], "77": [5.0, 0.009814023971557617], "78": [5.0, 0.01137685775756836], "79": [5.0, 0.010711193084716797], "81": [5.0, 0.011574029922485352], "82": [5.0, 0.01121211051940918], "84": [5.0, 0.010391950607299805], "85": [5.0, 0.011115074157714844], "87": [5.0, 0.011306047439575195], "88": [5.0, 0.011478900909423828], "89": [5.0, 0.010410070419311523], "90": [5.0, 0.01121211051940918], "92": [5.0, 0.010529041290283203], "93": [5.0, 0.009714841842651367], "96": [5.0, 0.009990930557250977], "98": [5.0, 0.00996708869934082], "99": [5.0, 0.010063886642456055], "100": [5.0, 0.010358095169067383], "101": [5.0, 0.01001119613647461], "103": [5.0, 0.010272026062011719], "104": [5.0, 0.00985097885131836], "105": [5.0, 0.011176109313964844], "106": [5.0, 0.00971221923828125], "107": [5.0, 0.009769916534423828], "108": [5.0, 0.010962963104248047], "109": [5.0, 0.01045083999633789], "110": [5.0, 0.009794235229492188], "111": [5.0, 0.01209712028503418], "112": [5.0, 0.010113000869750977], "113": [5.0, 0.009912967681884766], "114": [5.0, 0.010212898254394531], "115": [5.0, 0.010106086730957031], "116": [5.0, 0.010236978530883789], "118": [5.0, 0.009911060333251953], "119": [5.0, 0.010201692581176758], "121": [5.0, 0.010375261306762695], "123": [5.0, 0.010261058807373047], "124": [5.0, 0.009808063507080078], "125": [5.0, 0.011430025100708008], "126": [5.0, 0.01114201545715332], "127": [5.0, 0.012338876724243164], "128": [5.0, 0.010606050491333008], "129": [5.0, 0.01073908805847168], "130": [5.0, 0.010597944259643555], "131": [5.0, 0.0117340087890625], "132": [5.0, 0.01001286506652832], "133": [5.0, 0.011834859848022461], "134": [5.0, 0.012331962585449219], "135": [5.0, 0.012821197509765625], "136": [5.0, 0.012665987014770508], "137": [5.0, 0.010049104690551758], "138": [5.0, 0.010286808013916016], "139": [5.0, 0.012645244598388672], "140": [5.0, 0.01162862777709961], "141": [5.0, 0.01027989387512207], "142": [5.0, 0.012636899948120117], "143": [5.0, 0.010787010192871094], "144": [5.0, 0.01034688949584961], "145": [5.0, 0.012161970138549805], "147": [5.0, 0.010634899139404297], "148": [5.0, 0.0102691650390625], "149": [5.0, 0.010251998901367188], "151": [5.0, 0.009917259216308594], "152": [5.0, 0.009714841842651367], "153": [5.0, 0.009968042373657227], "154": [5.0, 0.009512901306152344], "155": [5.0, 0.009823083877563477], "156": [5.0, 0.011280059814453125], "157": [5.0, 0.011826038360595703], "158": [5.0, 0.009581804275512695], "159": [5.0, 0.009824037551879883], "161": [5.0, 0.010233163833618164], "162": [5.0, 0.01160287857055664], "163": [5.0, 0.010179996490478516], "164": [5.0, 0.01024317741394043], "165": [5.0, 0.010186910629272461], "166": [5.0, 0.011867046356201172], "167": [5.0, 0.011334896087646484], "168": [5.0, 0.010213136672973633], "169": [5.0, 0.010483980178833008], "170": [5.0, 0.010755062103271484], "173": [5.0, 0.009917974472045898], "175": [5.0, 0.010473012924194336], "177": [5.0, 0.010200023651123047], "178": [5.0, 0.009742975234985352], "179": [5.0, 0.010198831558227539], "180": [5.0, 0.010308980941772461], "182": [5.0, 0.011397123336791992], "185": [5.0, 0.009953022003173828], "186": [5.0, 0.009632110595703125], "189": [5.0, 0.01037287712097168], "190": [5.0, 0.012555122375488281], "191": [5.0, 0.010551929473876953], "192": [5.0, 0.010098934173583984], "193": [5.0, 0.010968208312988281], "194": [5.0, 0.010161876678466797], "195": [5.0, 0.009827136993408203], "196": [5.0, 0.01230001449584961], "197": [5.0, 0.010890960693359375], "198": [5.0, 0.010399341583251953], "199": [5.0, 0.010092973709106445], "2": [5.0, 0.009943008422851562], "11": [5.0, 0.013598203659057617], "18": [5.0, 0.00964808464050293], "19": [5.0, 0.011893987655639648], "23": [5.0, 0.009610176086425781], "37": [5.0, 0.010887861251831055], "41": [5.0, 0.010586977005004883], "47": [5.0, 0.00967097282409668], "49": [5.0, 0.010118961334228516], "54": [5.0, 0.012128829956054688], "75": [5.0, 0.012061834335327148], "80": [5.0, 0.010658979415893555], "83": [5.0, 0.010286092758178711], "86": [5.0, 0.010004997253417969], "94": [5.0, 0.010608196258544922], "95": [5.0, 0.009931087493896484], "102": [5.0, 0.011979103088378906], "120": [5.0, 0.01064610481262207], "122": [5.0, 0.011622905731201172], "146": [5.0, 0.011450767517089844], "150": [5.0, 0.011346101760864258], "160": [5.0, 0.01138615608215332], "172": [5.0, 0.012577056884765625], "174": [5.0, 0.011307954788208008], "176": [5.0, 0.011471748352050781], "181": [5.0, 0.011337041854858398], "183": [5.0, 0.009349822998046875], "184": [5.0, 0.011898994445800781], "187": [5.0, 0.010706186294555664], "188": [5.0, 0.011542081832885742], "91": [5.0, 0.011447906494140625], "97": [5.0, 0.0116729736328125], "117": [5.0, 0.0123291015625], "171": [5.0, 0.011513948440551758], "42": [5.0, 0.011887073516845703], "53": [5.0, 0.011723041534423828]}