{"0": [4.0, 0.02091503143310547], "1": [4.0, 0.013493776321411133], "2": [4.0, 0.013237953186035156], "3": [4.0, 0.013210296630859375], "5": [4.0, 0.012768745422363281], "7": [4.0, 0.010346174240112305], "8": [4.0, 0.009674072265625], "10": [4.0, 0.00945734977722168], "12": [4.0, 0.01238870620727539], "13": [4.0, 0.012824058532714844], "14": [4.0, 0.012358903884887695], "15": [4.0, 0.010561943054199219], "16": [4.0, 0.011882781982421875], "17": [4.0, 0.013072013854980469], "18": [4.0, 0.012825965881347656], "19": [4.0, 0.012511014938354492], "21": [4.0, 0.01304483413696289], "22": [4.0, 0.012571096420288086], "23": [4.0, 0.0113983154296875], "24": [4.0, 0.013020992279052734], "25": [4.0, 0.011182069778442383], "26": [4.0, 0.011841058731079102], "27": [4.0, 0.010928869247436523], "28": [4.0, 0.011505842208862305], "29": [4.0, 0.01217794418334961], "30": [4.0, 0.009509086608886719], "32": [4.0, 0.009431123733520508], "33": [4.0, 0.009721994400024414], "35": [4.0, 0.010441303253173828], "36": [4.0, 0.009552240371704102], "37": [4.0, 0.013525009155273438], "39": [4.0, 0.010265827178955078], "41": [4.0, 0.009238958358764648], "42": [4.0, 0.01045083999633789], "43": [4.0, 0.009519815444946289], "44": [4.0, 0.010894775390625], "45": [4.0, 0.0110321044921875], "46": [4.0, 0.00978994369506836], "47": [4.0, 0.011473894119262695], "48": [4.0, 0.02232503890991211], "49": [4.0, 0.012711048126220703], "50": [4.0, 0.011524200439453125], "51": [4.0, 0.009814023971557617], "52": [4.0, 0.010061979293823242], "53": [4.0, 0.012092828750610352], "54": [4.0, 0.009786844253540039], "55": [4.0, 0.009835004806518555], "56": [4.0, 0.011557817459106445], "57": [4.0, 0.012455224990844727], "58": [4.0, 0.009840250015258789], "60": [4.0, 0.012543916702270508], "61": [4.0, 0.010452985763549805], "62": [4.0, 0.011555194854736328], "63": [4.0, 0.010130882263183594], "64": [4.0, 0.009150266647338867], "65": [4.0, 0.009691715240478516], "66": [4.0, 0.01072072982788086], "67": [4.0, 0.011101007461547852], "68": [4.0, 0.010263919830322266], "69": [4.0, 0.009718179702758789], "71": [4.0, 0.009184122085571289], "72": [4.0, 0.009242057800292969], "75": [4.0, 0.009380102157592773], "76": [4.0, 0.010200023651123047], "77": [4.0, 0.010347843170166016], "78": [4.0, 0.012344121932983398], "79": [4.0, 0.0103302001953125], "80": [4.0, 0.009563684463500977], "81": [4.0, 0.009398937225341797], "82": [4.0, 0.009765148162841797], "83": [4.0, 0.009935140609741211], "85": [4.0, 0.010150909423828125], "86": [4.0, 0.013268232345581055], "87": [4.0, 0.011195182800292969], "89": [4.0, 0.010261058807373047], "91": [4.0, 0.011031866073608398], "92": [4.0, 0.010371685028076172], "93": [4.0, 0.013000249862670898], "94": [4.0, 0.00933218002319336], "95": [4.0, 0.009845733642578125], "96": [4.0, 0.00941610336303711], "97": [4.0, 0.01089930534362793], "99": [4.0, 0.010075807571411133], "100": [4.0, 0.012045621871948242], "102": [4.0, 0.010766029357910156], "103": [4.0, 0.012310028076171875], "104": [4.0, 0.010316848754882812], "105": [4.0, 0.012780904769897461], "106": [4.0, 0.011497259140014648], "107": [4.0, 0.009943008422851562], "108": [4.0, 0.009971857070922852], "109": [4.0, 0.009610891342163086], "111": [4.0, 0.012050867080688477], "112": [4.0, 0.013236284255981445], "113": [4.0, 0.012002944946289062], "114": [4.0, 0.01148223876953125], "115": [4.0, 0.009535789489746094], "117": [4.0, 0.00955963134765625], "118": [4.0, 0.0116729736328125], "119": [4.0, 0.010334014892578125], "120": [4.0, 0.010948896408081055], "121": [4.0, 0.00925898551940918], "122": [4.0, 0.009406328201293945], "123": [4.0, 0.009649991989135742], "124": [4.0, 0.009546041488647461], "126": [4.0, 0.009708166122436523], "128": [4.0, 0.012254953384399414], "129": [4.0, 0.013699054718017578], "130": [4.0, 0.013743162155151367], "131": [4.0, 0.010787725448608398], "132": [4.0, 0.011647939682006836], "133": [4.0, 0.009619951248168945], "134": [4.0, 0.010979652404785156], "135": [4.0, 0.011589288711547852], "138": [4.0, 0.012906789779663086], "139": [4.0, 0.012047767639160156], "140": [4.0, 0.01116800308227539], "141": [4.0, 0.00946497917175293], "142": [4.0, 0.009773731231689453], "143": [4.0, 0.01251983642578125], "144": [4.0, 0.012967109680175781], "145": [4.0, 0.013089179992675781], "146": [4.0, 0.010162115097045898], "147": [4.0, 0.010360956192016602], "148": [4.0, 0.010483980178833008], "149": [4.0, 0.009840965270996094], "150": [4.0, 0.011823654174804688], "151": [4.0, 0.012151002883911133], "152": [4.0, 0.012764930725097656], "153": [4.0, 0.011445999145507812], "154": [4.0, 0.01382136344909668], "155": [4.0, 0.011760950088500977], "156": [4.0, 0.012063026428222656], "157": [4.0, 0.0115509033203125], "159": [4.0, 0.012671947479248047], "160": [4.0, 0.012349843978881836], "161": [4.0, 0.010338068008422852], "162": [4.0, 0.009468793869018555], "163": [4.0, 0.009850263595581055], "164": [4.0, 0.009948253631591797], "165": [4.0, 0.00899505615234375], "166": [4.0, 0.010864973068237305], "167": [4.0, 0.01007699966430664], "168": [4.0, 0.009846210479736328], "169": [4.0, 0.009833097457885742], "170": [4.0, 0.00997781753540039], "171": [4.0, 0.009716987609863281], "172": [4.0, 0.012741804122924805], "173": [4.0, 0.011397123336791992], "174": [4.0, 0.010387182235717773], "175": [4.0, 0.009997844696044922], "176": [4.0, 0.012144804000854492], "179": [4.0, 0.010902881622314453], "180": [4.0, 0.012578964233398438], "181": [4.0, 0.013048887252807617], "182": [4.0, 0.011793136596679688], "184": [4.0, 0.01324009895324707], "185": [4.0, 0.013962030410766602], "186": [4.0, 0.010986089706420898], "187": [4.0, 0.011652946472167969], "188": [4.0, 0.013920068740844727], "189": [4.0, 0.021238088607788086], "190": [4.0, 0.011983871459960938], "191": [4.0, 0.01384592056274414], "192": [4.0, 0.012923002243041992], "193": [4.0, 0.013287782669067383], "194": [4.0, 0.011207818984985352], "195": [4.0, 0.01181793212890625], "196": [4.0, 0.010880708694458008], "197": [4.0, 0.012951135635375977], "198": [4.0, 0.009368896484375], "199": [4.0, 0.01046609878540039], "4": [4.0, 0.011412858963012695], "6": [4.0, 0.009319067001342773], "9": [4.0, 0.01064610481262207], "11": [4.0, 0.009019851684570312], "31": [4.0, 0.009927034378051758], "38": [4.0, 0.010692119598388672], "40": [4.0, 0.009015083312988281], "70": [4.0, 0.009050846099853516], "73": [4.0, 0.012372970581054688], "74": [4.0, 0.010893106460571289], "84": [4.0, 0.009256362915039062], "88": [4.0, 0.008822917938232422], "90": [4.0, 0.010424613952636719], "98": [4.0, 0.010882139205932617], "101": [4.0, 0.0210878849029541], "110": [4.0, 0.01271510124206543], "116": [4.0, 0.0132598876953125], "125": [4.0, 0.012565851211547852], "127": [4.0, 0.011619806289672852], "136": [4.0, 0.012849807739257812], "137": [4.0, 0.013566017150878906], "178": [4.0, 0.012192964553833008], "183": [4.0, 0.011818170547485352], "34": [4.0, 0.009593009948730469], "59": [4.0, 0.01011204719543457], "158": [4.0, 0.011739969253540039], "177": [4.0, 0.010124921798706055], "20": [4.0, 0.009857892990112305]}