{"0": [6.0, 0.0167238712310791], "1": [6.0, 0.01134181022644043], "2": [5.0, 0.011148929595947266], "3": [6.0, 0.010248899459838867], "5": [6.0, 0.01022791862487793], "7": [6.0, 0.010092020034790039], "8": [5.0, 0.010321855545043945], "10": [5.0, 0.009994983673095703], "12": [6.0, 0.010172843933105469], "13": [6.0, 0.010236024856567383], "14": [6.0, 0.010684013366699219], "15": [5.0, 0.010069847106933594], "16": [5.0, 0.010693788528442383], "17": [5.0, 0.010221242904663086], "18": [6.0, 0.010284662246704102], "19": [5.0, 0.010308980941772461], "21": [6.0, 0.01072382926940918], "22": [6.0, 0.012580156326293945], "23": [5.0, 0.010762929916381836], "24": [6.0, 0.010921955108642578], "25": [6.0, 0.011548757553100586], "26": [5.0, 0.010532140731811523], "27": [6.0, 0.012938976287841797], "29": [5.0, 0.010219097137451172], "30": [6.0, 0.011775016784667969], "33": [5.0, 0.01064300537109375], "35": [5.0, 0.01023101806640625], "36": [5.0, 0.010654926300048828], "37": [5.0, 0.009985923767089844], "39": [5.0, 0.010192155838012695], "42": [5.0, 0.010068178176879883], "43": [6.0, 0.009956121444702148], "44": [5.0, 0.010068416595458984], "45": [5.0, 0.009939193725585938], "46": [5.0, 0.009557962417602539], "47": [6.0, 0.01017904281616211], "48": [6.0, 0.010055303573608398], "49": [6.0, 0.012557744979858398], "50": [6.0, 0.012505054473876953], "51": [5.0, 0.010650873184204102], "52": [5.0, 0.011053800582885742], "54": [5.0, 0.010519027709960938], "55": [6.0, 0.012107133865356445], "56": [6.0, 0.01014399528503418], "57": [5.0, 0.01085805892944336], "58": [5.0, 0.011570930480957031], "60": [5.0, 0.010473966598510742], "61": [5.0, 0.010767936706542969], "63": [6.0, 0.010448932647705078], "64": [6.0, 0.010712862014770508], "65": [6.0, 0.010071992874145508], "66": [6.0, 0.01055288314819336], "67": [5.0, 0.00994420051574707], "68": [5.0, 0.010370731353759766], "69": [5.0, 0.01001596450805664], "71": [5.0, 0.010979175567626953], "72": [5.0, 0.011275053024291992], "75": [5.0, 0.010365962982177734], "76": [5.0, 0.010628223419189453], "77": [5.0, 0.010666847229003906], "78": [5.0, 0.010695934295654297], "79": [5.0, 0.011276006698608398], "80": [6.0, 0.010714054107666016], "81": [5.0, 0.01023411750793457], "83": [6.0, 0.010448932647705078], "85": [5.0, 0.010551929473876953], "86": [5.0, 0.010344266891479492], "87": [6.0, 0.010338068008422852], "89": [6.0, 0.010264158248901367], "91": [5.0, 0.01079416275024414], "92": [6.0, 0.010230779647827148], "93": [6.0, 0.010694026947021484], "94": [6.0, 0.010097026824951172], "95": [6.0, 0.01025390625], "96": [6.0, 0.010445117950439453], "97": [5.0, 0.010162115097045898], "99": [5.0, 0.01270294189453125], "100": [5.0, 0.010195016860961914], "102": [5.0, 0.010397911071777344], "103": [6.0, 0.010454893112182617], "104": [6.0, 0.010014772415161133], "105": [5.0, 0.010426998138427734], "107": [5.0, 0.013547897338867188], "108": [5.0, 0.011350154876708984], "109": [6.0, 0.009927034378051758], "111": [6.0, 0.009486675262451172], "112": [6.0, 0.0119781494140625], "114": [6.0, 0.010612010955810547], "115": [5.0, 0.010490179061889648], "117": [6.0, 0.010271072387695312], "118": [5.0, 0.011085987091064453], "119": [5.0, 0.010907173156738281], "120": [6.0, 0.009929895401000977], "121": [5.0, 0.010358095169067383], "123": [5.0, 0.010531902313232422], "124": [6.0, 0.010789155960083008], "128": [5.0, 0.010637760162353516], "129": [5.0, 0.009935855865478516], "130": [5.0, 0.010469913482666016], "131": [5.0, 0.010525941848754883], "132": [6.0, 0.010618925094604492], "133": [5.0, 0.01189422607421875], "134": [5.0, 0.010515928268432617], "135": [5.0, 0.010176897048950195], "138": [5.0, 0.010417938232421875], "139": [6.0, 0.010026931762695312], "140": [6.0, 0.010453939437866211], "141": [5.0, 0.010530948638916016], "142": [5.0, 0.01090097427368164], "143": [6.0, 0.010622024536132812], "145": [5.0, 0.010788202285766602], "146": [6.0, 0.012289047241210938], "147": [5.0, 0.011585235595703125], "148": [6.0, 0.010654926300048828], "149": [5.0, 0.010517597198486328], "150": [5.0, 0.01254892349243164], "151": [5.0, 0.011448144912719727], "152": [5.0, 0.010373830795288086], "153": [6.0, 0.009949922561645508], "154": [6.0, 0.010057210922241211], "155": [5.0, 0.010513067245483398], "156": [5.0, 0.010415077209472656], "157": [6.0, 0.01124715805053711], "159": [5.0, 0.011916875839233398], "160": [6.0, 0.01143193244934082], "161": [5.0, 0.009923219680786133], "162": [5.0, 0.012302875518798828], "163": [6.0, 0.010953903198242188], "164": [5.0, 0.010709047317504883], "165": [5.0, 0.010092020034790039], "167": [5.0, 0.010075807571411133], "168": [5.0, 0.009972095489501953], "169": [5.0, 0.010133028030395508], "170": [6.0, 0.010280370712280273], "171": [5.0, 0.011165857315063477], "173": [6.0, 0.011594057083129883], "176": [6.0, 0.011651992797851562], "179": [5.0, 0.011669158935546875], "180": [5.0, 0.010254859924316406], "181": [5.0, 0.010163307189941406], "184": [5.0, 0.010284185409545898], "185": [6.0, 0.010499954223632812], "186": [5.0, 0.010088920593261719], "187": [5.0, 0.010294914245605469], "188": [6.0, 0.011484861373901367], "189": [6.0, 0.010294198989868164], "190": [5.0, 0.010208368301391602], "191": [5.0, 0.01015019416809082], "192": [5.0, 0.010791778564453125], "193": [6.0, 0.009969949722290039], "194": [6.0, 0.010451316833496094], "195": [5.0, 0.010326862335205078], "196": [5.0, 0.01061701774597168], "197": [5.0, 0.010325431823730469], "198": [5.0, 0.010072946548461914], "199": [6.0, 0.010297060012817383], "4": [6.0, 0.010297060012817383], "6": [5.0, 0.010543107986450195], "9": [5.0, 0.010496854782104492], "11": [5.0, 0.010567188262939453], "28": [6.0, 0.010355234146118164], "31": [6.0, 0.010803937911987305], "32": [6.0, 0.010139942169189453], "38": [5.0, 0.010490894317626953], "40": [6.0, 0.01034688949584961], "41": [6.0, 0.010483264923095703], "53": [6.0, 0.01036977767944336], "70": [6.0, 0.012258052825927734], "73": [6.0, 0.009737968444824219], "74": [6.0, 0.009879827499389648], "84": [6.0, 0.011854887008666992], "88": [6.0, 0.010329723358154297], "90": [5.0, 0.009660005569458008], "98": [5.0, 0.010370731353759766], "101": [6.0, 0.009870052337646484], "106": [5.0, 0.010091066360473633], "110": [6.0, 0.011645078659057617], "113": [6.0, 0.010873079299926758], "116": [5.0, 0.010445117950439453], "122": [6.0, 0.011992216110229492], "125": [6.0, 0.009676933288574219], "127": [6.0, 0.009887933731079102], "136": [5.0, 0.01061701774597168], "137": [5.0, 0.010206222534179688], "144": [6.0, 0.010843276977539062], "166": [5.0, 0.01044917106628418], "172": [5.0, 0.011474847793579102], "174": [5.0, 0.010066032409667969], "175": [6.0, 0.010043859481811523], "178": [5.0, 0.010535001754760742], "182": [6.0, 0.010422945022583008], "183": [6.0, 0.010322332382202148], "59": [5.0, 0.01055002212524414], "62": [5.0, 0.01169896125793457], "82": [6.0, 0.010334014892578125], "126": [5.0, 0.010574817657470703], "158": [6.0, 0.01052403450012207], "177": [6.0, 0.010600090026855469], "34": [5.0, 0.010581016540527344], "20": [6.0, 0.010213851928710938]}