{"0": [4.0, 0.07329607009887695], "1": [4.0, 0.010878801345825195], "2": [4.0, 0.010220050811767578], "3": [4.0, 0.012473106384277344], "4": [4.0, 0.011289119720458984], "5": [4.0, 0.012150049209594727], "6": [4.0, 0.010197877883911133], "8": [4.0, 0.012844085693359375], "9": [4.0, 0.012452840805053711], "10": [4.0, 0.010452985763549805], "11": [4.0, 0.011883020401000977], "12": [4.0, 0.010552644729614258], "13": [4.0, 0.01032114028930664], "14": [4.0, 0.009984970092773438], "15": [4.0, 0.012892007827758789], "17": [4.0, 0.011230945587158203], "18": [4.0, 0.01172494888305664], "19": [4.0, 0.011035919189453125], "20": [4.0, 0.010107278823852539], "21": [4.0, 0.010550975799560547], "22": [4.0, 0.009980916976928711], "23": [4.0, 0.010431051254272461], "24": [4.0, 0.011029958724975586], "25": [4.0, 0.011176824569702148], "26": [4.0, 0.01215815544128418], "27": [4.0, 0.012267112731933594], "28": [4.0, 0.012846946716308594], "29": [4.0, 0.012123823165893555], "30": [4.0, 0.010257959365844727], "31": [4.0, 0.010561943054199219], "32": [4.0, 0.012113094329833984], "34": [4.0, 0.012598991394042969], "35": [4.0, 0.010712862014770508], "36": [4.0, 0.011894941329956055], "38": [4.0, 0.009850025177001953], "39": [4.0, 0.010322093963623047], "40": [4.0, 0.010010242462158203], "41": [4.0, 0.01006317138671875], "42": [4.0, 0.010087966918945312], "43": [4.0, 0.010527849197387695], "44": [4.0, 0.009754180908203125], "45": [4.0, 0.010226011276245117], "46": [4.0, 0.010324954986572266], "47": [4.0, 0.010243892669677734], "48": [4.0, 0.010410785675048828], "49": [4.0, 0.011570215225219727], "50": [4.0, 0.011522054672241211], "51": [4.0, 0.011673212051391602], "52": [4.0, 0.010707855224609375], "53": [4.0, 0.010838031768798828], "54": [4.0, 0.010126829147338867], "56": [4.0, 0.010467767715454102], "57": [4.0, 0.00977182388305664], "58": [4.0, 0.00993800163269043], "59": [4.0, 0.00975489616394043], "60": [4.0, 0.010650873184204102], "61": [4.0, 0.009778976440429688], "62": [4.0, 0.010566949844360352], "63": [4.0, 0.009808063507080078], "64": [4.0, 0.009372234344482422], "66": [4.0, 0.01188802719116211], "67": [4.0, 0.009979009628295898], "68": [4.0, 0.009938955307006836], "69": [4.0, 0.01085209846496582], "70": [4.0, 0.012530088424682617], "71": [4.0, 0.009953022003173828], "72": [4.0, 0.011558055877685547], "73": [4.0, 0.013895988464355469], "74": [4.0, 0.012890100479125977], "75": [4.0, 0.011037826538085938], "76": [4.0, 0.010408163070678711], "77": [4.0, 0.010517120361328125], "79": [4.0, 0.010275125503540039], "81": [4.0, 0.00988006591796875], "82": [4.0, 0.009228706359863281], "84": [4.0, 0.01228189468383789], "85": [4.0, 0.010102033615112305], "87": [4.0, 0.011303186416625977], "88": [4.0, 0.010408878326416016], "89": [4.0, 0.009963035583496094], "90": [4.0, 0.010356903076171875], "91": [4.0, 0.010312080383300781], "92": [4.0, 0.009783029556274414], "93": [4.0, 0.010050058364868164], "95": [4.0, 0.009390115737915039], "96": [4.0, 0.009772062301635742], "97": [4.0, 0.009544849395751953], "98": [4.0, 0.011317014694213867], "99": [4.0, 0.010268926620483398], "100": [4.0, 0.009563922882080078], "101": [4.0, 0.01019287109375], "102": [4.0, 0.009442806243896484], "104": [4.0, 0.012988805770874023], "105": [4.0, 0.012489080429077148], "106": [4.0, 0.010004043579101562], "107": [4.0, 0.00893402099609375], "108": [4.0, 0.009232759475708008], "109": [4.0, 0.010110855102539062], "110": [4.0, 0.012249946594238281], "111": [4.0, 0.011568784713745117], "112": [4.0, 0.010206937789916992], "113": [4.0, 0.01033329963684082], "115": [4.0, 0.009946823120117188], "116": [4.0, 0.010135173797607422], "117": [4.0, 0.010154962539672852], "118": [4.0, 0.009935140609741211], "120": [4.0, 0.010993242263793945], "121": [4.0, 0.01083683967590332], "122": [4.0, 0.010650873184204102], "123": [4.0, 0.010994911193847656], "124": [4.0, 0.009731054306030273], "125": [4.0, 0.009874343872070312], "126": [4.0, 0.010229825973510742], "127": [4.0, 0.009300947189331055], "128": [4.0, 0.009394168853759766], "129": [4.0, 0.00988006591796875], "130": [4.0, 0.00978708267211914], "131": [4.0, 0.009901046752929688], "132": [4.0, 0.010377883911132812], "133": [4.0, 0.013598918914794922], "134": [4.0, 0.009213924407958984], "135": [4.0, 0.010887861251831055], "136": [4.0, 0.01133108139038086], "138": [4.0, 0.00981903076171875], "140": [4.0, 0.009707927703857422], "142": [4.0, 0.00970005989074707], "143": [4.0, 0.010247945785522461], "144": [4.0, 0.010186910629272461], "145": [4.0, 0.01223897933959961], "146": [4.0, 0.010509252548217773], "147": [4.0, 0.011271953582763672], "148": [4.0, 0.016091108322143555], "149": [4.0, 0.012876033782958984], "151": [4.0, 0.01131296157836914], "152": [4.0, 0.009799957275390625], "153": [4.0, 0.009596824645996094], "154": [4.0, 0.009718179702758789], "155": [4.0, 0.010480165481567383], "156": [4.0, 0.009922027587890625], "157": [4.0, 0.010033130645751953], "158": [4.0, 0.0101470947265625], "159": [4.0, 0.010310173034667969], "162": [4.0, 0.009761810302734375], "165": [4.0, 0.01044011116027832], "166": [4.0, 0.009722232818603516], "167": [4.0, 0.009853839874267578], "168": [4.0, 0.009127140045166016], "170": [4.0, 0.010025978088378906], "171": [4.0, 0.00999307632446289], "172": [4.0, 0.012240171432495117], "173": [4.0, 0.011964082717895508], "174": [4.0, 0.01162099838256836], "175": [4.0, 0.012346744537353516], "177": [4.0, 0.011193275451660156], "178": [4.0, 0.012145280838012695], "180": [4.0, 0.01208806037902832], "181": [4.0, 0.012032032012939453], "182": [4.0, 0.010145902633666992], "183": [4.0, 0.010608196258544922], "184": [4.0, 0.012664794921875], "185": [4.0, 0.010664224624633789], "186": [4.0, 0.012165069580078125], "187": [4.0, 0.009857654571533203], "188": [4.0, 0.00992894172668457], "189": [4.0, 0.010014057159423828], "190": [4.0, 0.010413169860839844], "191": [4.0, 0.010342121124267578], "192": [4.0, 0.012633800506591797], "193": [4.0, 0.012425899505615234], "194": [4.0, 0.012848138809204102], "195": [4.0, 0.010555028915405273], "196": [4.0, 0.011949777603149414], "197": [4.0, 0.011699914932250977], "198": [4.0, 0.010793924331665039], "199": [4.0, 0.010738849639892578], "7": [4.0, 0.010681867599487305], "16": [4.0, 0.011346101760864258], "33": [4.0, 0.009451150894165039], "37": [4.0, 0.009702920913696289], "55": [4.0, 0.009631872177124023], "65": [4.0, 0.00978708267211914], "78": [4.0, 0.0098419189453125], "80": [4.0, 0.010521888732910156], "83": [4.0, 0.011151790618896484], "86": [4.0, 0.010026931762695312], "94": [4.0, 0.009856939315795898], "103": [4.0, 0.010640859603881836], "114": [4.0, 0.01086115837097168], "119": [4.0, 0.010789871215820312], "137": [4.0, 0.010165929794311523], "139": [4.0, 0.01122903823852539], "141": [4.0, 0.012294769287109375], "150": [4.0, 0.011636972427368164], "160": [4.0, 0.011755943298339844], "161": [4.0, 0.009813070297241211], "163": [4.0, 0.010336875915527344], "164": [4.0, 0.009404897689819336], "169": [4.0, 0.009743690490722656], "176": [4.0, 0.01286768913269043], "179": [4.0, 0.009998083114624023]}