{"0": [5.0, 0.040334224700927734], "1": [6.0, 0.03158402442932129], "2": [5.0, 0.04281497001647949], "3": [6.0, 0.025878190994262695], "4": [5.0, 0.026988983154296875], "5": [5.0, 0.03317999839782715], "6": [6.0, 0.027045726776123047], "7": [6.0, 0.02743816375732422], "9": [5.0, 0.026029109954833984], "10": [6.0, 0.02732992172241211], "12": [6.0, 0.02483510971069336], "14": [5.0, 0.025248050689697266], "15": [5.0, 0.02254176139831543], "16": [5.0, 0.026720046997070312], "17": [6.0, 0.023777008056640625], "19": [6.0, 0.022379636764526367], "20": [6.0, 0.021137714385986328], "21": [6.0, 0.02078413963317871], "22": [6.0, 0.022507190704345703], "23": [5.0, 0.02322101593017578], "24": [5.0, 0.022376060485839844], "25": [5.0, 0.02203083038330078], "26": [6.0, 0.021340131759643555], "28": [6.0, 0.021636962890625], "29": [6.0, 0.023007869720458984], "31": [5.0, 0.019887685775756836], "33": [6.0, 0.01960015296936035], "35": [6.0, 0.020674705505371094], "38": [5.0, 0.02061009407043457], "39": [5.0, 0.02005910873413086], "40": [5.0, 0.017062902450561523], "42": [6.0, 0.017815113067626953], "43": [5.0, 0.017027854919433594], "44": [5.0, 0.017073869705200195], "45": [5.0, 0.016150951385498047], "46": [6.0, 0.015656232833862305], "47": [5.0, 0.01684713363647461], "48": [5.0, 0.015516042709350586], "49": [6.0, 0.016618967056274414], "51": [6.0, 0.0160830020904541], "55": [6.0, 0.012652873992919922], "56": [5.0, 0.011682748794555664], "60": [6.0, 0.011107206344604492], "61": [5.0, 0.012764930725097656], "62": [6.0, 0.011765003204345703], "64": [6.0, 0.009816169738769531], "65": [5.0, 0.010313272476196289], "66": [5.0, 0.011141061782836914], "69": [5.0, 0.01187896728515625], "71": [6.0, 0.011307954788208008], "72": [6.0, 0.010689020156860352], "73": [5.0, 0.012268781661987305], "74": [5.0, 0.010915040969848633], "76": [6.0, 0.01073312759399414], "77": [6.0, 0.010232686996459961], "78": [5.0, 0.010767936706542969], "79": [6.0, 0.010859012603759766], "80": [5.0, 0.010812759399414062], "83": [5.0, 0.011533021926879883], "85": [6.0, 0.012629985809326172], "86": [5.0, 0.010368108749389648], "87": [5.0, 0.010094165802001953], "88": [6.0, 0.010181188583374023], "89": [5.0, 0.010068893432617188], "90": [6.0, 0.010091066360473633], "91": [6.0, 0.011425971984863281], "92": [5.0, 0.010916709899902344], "93": [5.0, 0.010931968688964844], "95": [6.0, 0.01287984848022461], "98": [6.0, 0.010421037673950195], "99": [6.0, 0.010561227798461914], "100": [6.0, 0.010020017623901367], "101": [5.0, 0.012542009353637695], "102": [5.0, 0.010084867477416992], "103": [5.0, 0.008815288543701172], "104": [5.0, 0.012808799743652344], "106": [5.0, 0.011223077774047852], "107": [6.0, 0.011108160018920898], "108": [5.0, 0.011413097381591797], "109": [6.0, 0.010408163070678711], "110": [6.0, 0.010451793670654297], "112": [5.0, 0.010451078414916992], "113": [6.0, 0.010012149810791016], "114": [6.0, 0.010277986526489258], "115": [5.0, 0.009667158126831055], "116": [6.0, 0.01230621337890625], "117": [6.0, 0.01049494743347168], "118": [6.0, 0.011028051376342773], "119": [5.0, 0.011678934097290039], "120": [5.0, 0.011076927185058594], "121": [6.0, 0.011768102645874023], "122": [5.0, 0.01075887680053711], "123": [6.0, 0.01066899299621582], "124": [6.0, 0.011085987091064453], "125": [6.0, 0.011675834655761719], "126": [5.0, 0.010695934295654297], "127": [5.0, 0.010702133178710938], "128": [5.0, 0.010828733444213867], "129": [6.0, 0.010632991790771484], "131": [5.0, 0.011359930038452148], "132": [6.0, 0.012048006057739258], "133": [6.0, 0.012748956680297852], "134": [5.0, 0.011108875274658203], "135": [6.0, 0.010899066925048828], "136": [5.0, 0.010606050491333008], "137": [5.0, 0.011083126068115234], "138": [5.0, 0.010710954666137695], "139": [6.0, 0.010946035385131836], "140": [5.0, 0.01081705093383789], "141": [5.0, 0.010454177856445312], "142": [6.0, 0.01024174690246582], "143": [5.0, 0.010605096817016602], "144": [5.0, 0.01021575927734375], "145": [5.0, 0.010139942169189453], "146": [6.0, 0.010309934616088867], "148": [5.0, 0.010537147521972656], "149": [5.0, 0.010509014129638672], "150": [5.0, 0.011043071746826172], "151": [5.0, 0.01241922378540039], "152": [5.0, 0.011389970779418945], "153": [6.0, 0.009878158569335938], "154": [5.0, 0.010003328323364258], "156": [5.0, 0.01061391830444336], "158": [6.0, 0.010182857513427734], "159": [6.0, 0.010691165924072266], "160": [5.0, 0.01080012321472168], "162": [5.0, 0.010383129119873047], "163": [5.0, 0.012633800506591797], "164": [6.0, 0.009690999984741211], "165": [5.0, 0.012446880340576172], "166": [6.0, 0.012025117874145508], "169": [6.0, 0.010080099105834961], "170": [5.0, 0.010155916213989258], "172": [5.0, 0.010361194610595703], "174": [6.0, 0.010489225387573242], "175": [5.0, 0.010694026947021484], "176": [6.0, 0.010658740997314453], "177": [6.0, 0.010432004928588867], "178": [6.0, 0.010392189025878906], "179": [5.0, 0.010510683059692383], "180": [6.0, 0.010694026947021484], "181": [6.0, 0.010529041290283203], "182": [6.0, 0.012903928756713867], "184": [6.0, 0.010787248611450195], "185": [6.0, 0.010931968688964844], "189": [6.0, 0.011420965194702148], "192": [5.0, 0.010811328887939453], "193": [6.0, 0.011012077331542969], "195": [5.0, 0.010892629623413086], "196": [5.0, 0.011833906173706055], "197": [5.0, 0.010113000869750977], "198": [5.0, 0.010444879531860352], "199": [6.0, 0.011924028396606445], "8": [6.0, 0.010268926620483398], "13": [5.0, 0.010247945785522461], "18": [5.0, 0.010448217391967773], "27": [6.0, 0.010413169860839844], "32": [5.0, 0.010443925857543945], "36": [5.0, 0.010673046112060547], "37": [5.0, 0.011054754257202148], "41": [5.0, 0.0108489990234375], "50": [5.0, 0.013688087463378906], "53": [5.0, 0.011655092239379883], "54": [6.0, 0.010567903518676758], "57": [6.0, 0.010259151458740234], "58": [5.0, 0.010648012161254883], "59": [5.0, 0.010286808013916016], "63": [5.0, 0.012380838394165039], "67": [5.0, 0.010386943817138672], "68": [5.0, 0.012001991271972656], "70": [6.0, 0.010292291641235352], "75": [5.0, 0.011321067810058594], "81": [6.0, 0.011839866638183594], "82": [5.0, 0.008687257766723633], "84": [5.0, 0.011571884155273438], "94": [6.0, 0.010824203491210938], "97": [5.0, 0.01006007194519043], "105": [5.0, 0.009395360946655273], "130": [5.0, 0.01329803466796875], "147": [5.0, 0.010386943817138672], "157": [6.0, 0.010045289993286133], "161": [5.0, 0.010282039642333984], "167": [6.0, 0.010537147521972656], "168": [5.0, 0.014000892639160156], "171": [5.0, 0.011551856994628906], "173": [5.0, 0.0134429931640625], "183": [5.0, 0.014052867889404297], "187": [5.0, 0.013894796371459961], "188": [5.0, 0.011985063552856445], "194": [6.0, 0.00957489013671875], "11": [5.0, 0.008911848068237305], "30": [5.0, 0.013473749160766602], "52": [6.0, 0.013882875442504883], "96": [5.0, 0.010549068450927734], "111": [5.0, 0.011171817779541016], "155": [5.0, 0.013052940368652344], "186": [5.0, 0.014092206954956055], "190": [6.0, 0.014195919036865234], "34": [6.0, 0.013727188110351562], "191": [6.0, 0.013754129409790039]}