{"0": [4.0, 0.018461942672729492], "1": [4.0, 0.013508796691894531], "2": [4.0, 0.01326298713684082], "3": [4.0, 0.013684272766113281], "4": [4.0, 0.013065814971923828], "5": [4.0, 0.013475179672241211], "6": [4.0, 0.01325678825378418], "7": [4.0, 0.013812065124511719], "8": [4.0, 0.013887166976928711], "9": [4.0, 0.012952804565429688], "10": [4.0, 0.013062000274658203], "11": [4.0, 0.011541128158569336], "12": [4.0, 0.011038780212402344], "13": [4.0, 0.01026606559753418], "14": [4.0, 0.014340877532958984], "15": [4.0, 0.01417088508605957], "16": [4.0, 0.013586997985839844], "17": [4.0, 0.012723207473754883], "20": [4.0, 0.01306009292602539], "21": [4.0, 0.013304948806762695], "22": [4.0, 0.013098001480102539], "24": [4.0, 0.012974023818969727], "25": [4.0, 0.01306605339050293], "26": [4.0, 0.01314997673034668], "27": [4.0, 0.01262211799621582], "28": [4.0, 0.012972116470336914], "29": [4.0, 0.013887882232666016], "30": [4.0, 0.012044191360473633], "31": [4.0, 0.013767004013061523], "32": [4.0, 0.013282060623168945], "33": [4.0, 0.013299942016601562], "34": [4.0, 0.013489961624145508], "35": [4.0, 0.013286113739013672], "36": [4.0, 0.012929916381835938], "37": [4.0, 0.013254165649414062], "38": [4.0, 0.013328790664672852], "39": [4.0, 0.013670921325683594], "40": [4.0, 0.013506174087524414], "42": [4.0, 0.01337122917175293], "43": [4.0, 0.013002872467041016], "44": [4.0, 0.014328956604003906], "45": [4.0, 0.013530969619750977], "46": [4.0, 0.013689756393432617], "48": [4.0, 0.012756109237670898], "49": [4.0, 0.013055801391601562], "50": [4.0, 0.011564016342163086], "51": [4.0, 0.011238336563110352], "52": [4.0, 0.014191150665283203], "53": [4.0, 0.01357412338256836], "54": [4.0, 0.012744903564453125], "55": [4.0, 0.013921022415161133], "56": [4.0, 0.011916875839233398], "57": [4.0, 0.010344982147216797], "58": [4.0, 0.01360011100769043], "59": [4.0, 0.014094114303588867], "60": [4.0, 0.013622045516967773], "61": [4.0, 0.01342320442199707], "62": [4.0, 0.013271093368530273], "63": [4.0, 0.013329029083251953], "64": [4.0, 0.013666868209838867], "65": [4.0, 0.01379704475402832], "66": [4.0, 0.013709068298339844], "67": [4.0, 0.0136260986328125], "68": [4.0, 0.014153242111206055], "69": [4.0, 0.012866973876953125], "70": [4.0, 0.013265848159790039], "71": [4.0, 0.013422012329101562], "72": [4.0, 0.012629985809326172], "73": [4.0, 0.014288902282714844], "74": [4.0, 0.013806819915771484], "76": [4.0, 0.012418031692504883], "77": [4.0, 0.010423898696899414], "78": [4.0, 0.012719154357910156], "79": [4.0, 0.013809919357299805], "81": [4.0, 0.014532089233398438], "82": [4.0, 0.013432025909423828], "83": [4.0, 0.013787031173706055], "84": [4.0, 0.013310909271240234], "85": [4.0, 0.013061285018920898], "87": [4.0, 0.013189077377319336], "88": [4.0, 0.013208627700805664], "89": [4.0, 0.01288604736328125], "90": [4.0, 0.012995243072509766], "92": [4.0, 0.012685060501098633], "93": [4.0, 0.010915040969848633], "94": [4.0, 0.013686180114746094], "95": [4.0, 0.010370969772338867], "96": [4.0, 0.013743877410888672], "97": [4.0, 0.012452840805053711], "98": [4.0, 0.011801958084106445], "99": [4.0, 0.012803077697753906], "100": [4.0, 0.012221813201904297], "101": [4.0, 0.009938955307006836], "102": [4.0, 0.013880014419555664], "103": [4.0, 0.013095378875732422], "104": [4.0, 0.01261591911315918], "105": [4.0, 0.013367891311645508], "106": [4.0, 0.011265993118286133], "107": [4.0, 0.012005329132080078], "108": [4.0, 0.012367725372314453], "109": [4.0, 0.010828018188476562], "110": [4.0, 0.012070178985595703], "111": [4.0, 0.010838031768798828], "112": [4.0, 0.012517213821411133], "113": [4.0, 0.013546228408813477], "114": [4.0, 0.011750936508178711], "115": [4.0, 0.011911869049072266], "116": [4.0, 0.012902021408081055], "117": [4.0, 0.012217044830322266], "118": [4.0, 0.010841846466064453], "119": [4.0, 0.011254072189331055], "120": [4.0, 0.011960029602050781], "121": [4.0, 0.012238025665283203], "122": [4.0, 0.0138092041015625], "123": [4.0, 0.009706974029541016], "124": [4.0, 0.014371156692504883], "125": [4.0, 0.01300668716430664], "126": [4.0, 0.012648820877075195], "127": [4.0, 0.012189149856567383], "128": [4.0, 0.010449886322021484], "129": [4.0, 0.012660026550292969], "130": [4.0, 0.012622833251953125], "131": [4.0, 0.011981964111328125], "132": [4.0, 0.0109100341796875], "133": [4.0, 0.013223886489868164], "134": [4.0, 0.012012958526611328], "135": [4.0, 0.011192083358764648], "136": [4.0, 0.011049985885620117], "137": [4.0, 0.01274871826171875], "138": [4.0, 0.01147603988647461], "139": [4.0, 0.012699127197265625], "140": [4.0, 0.01282811164855957], "141": [4.0, 0.0113983154296875], "142": [4.0, 0.011725902557373047], "143": [4.0, 0.013767242431640625], "144": [4.0, 0.013554811477661133], "145": [4.0, 0.013404130935668945], "146": [4.0, 0.011797904968261719], "147": [4.0, 0.010401010513305664], "148": [4.0, 0.011774063110351562], "149": [4.0, 0.01078343391418457], "150": [4.0, 0.01101994514465332], "151": [4.0, 0.010879039764404297], "152": [4.0, 0.010102987289428711], "153": [4.0, 0.009948968887329102], "154": [4.0, 0.013695001602172852], "155": [4.0, 0.012613773345947266], "156": [4.0, 0.010835886001586914], "157": [4.0, 0.012114763259887695], "158": [4.0, 0.012635946273803711], "159": [4.0, 0.010851144790649414], "161": [4.0, 0.012409210205078125], "162": [4.0, 0.010705709457397461], "163": [4.0, 0.011291980743408203], "164": [4.0, 0.013459205627441406], "165": [4.0, 0.014098167419433594], "166": [4.0, 0.013244867324829102], "167": [4.0, 0.013263940811157227], "168": [4.0, 0.01376795768737793], "169": [4.0, 0.012755870819091797], "170": [4.0, 0.01270294189453125], "172": [4.0, 0.011715173721313477], "173": [4.0, 0.012512922286987305], "174": [4.0, 0.011967182159423828], "175": [4.0, 0.011904001235961914], "177": [4.0, 0.012449026107788086], "178": [4.0, 0.013606071472167969], "179": [4.0, 0.01203298568725586], "180": [4.0, 0.011623144149780273], "181": [4.0, 0.010736942291259766], "182": [4.0, 0.013323068618774414], "183": [4.0, 0.010901927947998047], "185": [4.0, 0.013716936111450195], "186": [4.0, 0.013319969177246094], "187": [4.0, 0.011109113693237305], "189": [4.0, 0.01247715950012207], "190": [4.0, 0.011488914489746094], "191": [4.0, 0.011203765869140625], "192": [4.0, 0.011768102645874023], "193": [4.0, 0.010682821273803711], "194": [4.0, 0.01106405258178711], "195": [4.0, 0.010863780975341797], "196": [4.0, 0.013110160827636719], "197": [4.0, 0.011979818344116211], "198": [4.0, 0.013489007949829102], "199": [4.0, 0.013487100601196289], "18": [4.0, 0.010596990585327148], "19": [4.0, 0.010930299758911133], "23": [4.0, 0.010488033294677734], "41": [4.0, 0.013162851333618164], "47": [4.0, 0.012447118759155273], "75": [4.0, 0.012043952941894531], "80": [4.0, 0.012196779251098633], "86": [4.0, 0.013770103454589844], "160": [4.0, 0.012087106704711914], "171": [4.0, 0.01258397102355957], "176": [4.0, 0.011005163192749023], "184": [4.0, 0.010803937911987305], "188": [4.0, 0.01084280014038086], "91": [4.0, 0.011989116668701172]}