{"0": [6.0, 0.015110969543457031], "3": [6.0, 0.010113000869750977], "4": [5.0, 0.011741876602172852], "6": [5.0, 0.009504079818725586], "7": [5.0, 0.009428024291992188], "8": [5.0, 0.009383916854858398], "9": [5.0, 0.009584188461303711], "10": [6.0, 0.009136199951171875], "11": [5.0, 0.008999109268188477], "12": [5.0, 0.010330915451049805], "13": [5.0, 0.008931159973144531], "14": [5.0, 0.00928497314453125], "15": [5.0, 0.010911941528320312], "18": [5.0, 0.013073205947875977], "19": [5.0, 0.010522842407226562], "20": [5.0, 0.009362936019897461], "21": [5.0, 0.00928497314453125], "22": [5.0, 0.009397029876708984], "23": [5.0, 0.009016036987304688], "24": [6.0, 0.009814977645874023], "25": [5.0, 0.008894920349121094], "27": [5.0, 0.009525060653686523], "28": [5.0, 0.009502887725830078], "29": [5.0, 0.009447813034057617], "30": [5.0, 0.010115861892700195], "31": [5.0, 0.00947713851928711], "32": [5.0, 0.01027822494506836], "33": [5.0, 0.009659051895141602], "35": [6.0, 0.00900578498840332], "36": [5.0, 0.009146928787231445], "38": [5.0, 0.009239912033081055], "39": [5.0, 0.009581804275512695], "41": [5.0, 0.008568048477172852], "42": [5.0, 0.009281158447265625], "43": [6.0, 0.008945226669311523], "46": [5.0, 0.009327173233032227], "47": [5.0, 0.01093912124633789], "48": [6.0, 0.009319782257080078], "49": [5.0, 0.009432077407836914], "50": [5.0, 0.009640216827392578], "51": [5.0, 0.00888824462890625], "53": [5.0, 0.008956193923950195], "55": [5.0, 0.011491060256958008], "58": [5.0, 0.009257316589355469], "59": [6.0, 0.008858919143676758], "61": [5.0, 0.009701013565063477], "62": [6.0, 0.009602069854736328], "63": [5.0, 0.009276151657104492], "64": [5.0, 0.008997678756713867], "65": [5.0, 0.009662866592407227], "66": [5.0, 0.010223150253295898], "68": [5.0, 0.009084939956665039], "70": [5.0, 0.012247085571289062], "72": [5.0, 0.00865483283996582], "73": [5.0, 0.008701086044311523], "74": [5.0, 0.008933067321777344], "75": [5.0, 0.008775949478149414], "76": [5.0, 0.008916854858398438], "77": [5.0, 0.009119987487792969], "78": [5.0, 0.009068012237548828], "79": [5.0, 0.009819746017456055], "81": [5.0, 0.009788751602172852], "82": [5.0, 0.00886988639831543], "84": [5.0, 0.00951075553894043], "86": [5.0, 0.008859872817993164], "87": [6.0, 0.008932113647460938], "88": [5.0, 0.009535074234008789], "89": [5.0, 0.014509916305541992], "90": [6.0, 0.012077093124389648], "91": [5.0, 0.009164810180664062], "93": [6.0, 0.008879899978637695], "94": [5.0, 0.009273290634155273], "96": [5.0, 0.009003877639770508], "97": [6.0, 0.009268999099731445], "99": [5.0, 0.009821891784667969], "100": [6.0, 0.009262800216674805], "101": [5.0, 0.008792877197265625], "102": [5.0, 0.010401010513305664], "103": [5.0, 0.008970975875854492], "104": [5.0, 0.009334087371826172], "105": [5.0, 0.00927281379699707], "107": [5.0, 0.009480953216552734], "108": [5.0, 0.009450912475585938], "109": [6.0, 0.009711027145385742], "110": [6.0, 0.011076211929321289], "112": [5.0, 0.012036800384521484], "113": [5.0, 0.008929014205932617], "114": [5.0, 0.009060144424438477], "115": [5.0, 0.009058952331542969], "116": [5.0, 0.010638236999511719], "118": [5.0, 0.009298086166381836], "119": [6.0, 0.009268045425415039], "120": [6.0, 0.00896596908569336], "121": [6.0, 0.009320974349975586], "122": [6.0, 0.00996088981628418], "123": [6.0, 0.010029792785644531], "124": [5.0, 0.00896310806274414], "125": [5.0, 0.009120941162109375], "126": [6.0, 0.00933694839477539], "127": [5.0, 0.009351015090942383], "128": [5.0, 0.010127067565917969], "130": [5.0, 0.008815765380859375], "132": [6.0, 0.009315252304077148], "133": [5.0, 0.009184122085571289], "134": [6.0, 0.0102081298828125], "135": [5.0, 0.008155107498168945], "136": [5.0, 0.008948802947998047], "137": [5.0, 0.009000062942504883], "138": [5.0, 0.009379863739013672], "140": [5.0, 0.009868860244750977], "141": [5.0, 0.010195016860961914], "142": [5.0, 0.009181737899780273], "143": [5.0, 0.010002851486206055], "144": [5.0, 0.010468006134033203], "146": [5.0, 0.009727239608764648], "147": [5.0, 0.009444952011108398], "148": [5.0, 0.010984182357788086], "149": [5.0, 0.010596275329589844], "150": [5.0, 0.009292125701904297], "151": [5.0, 0.010081052780151367], "152": [5.0, 0.010833978652954102], "153": [6.0, 0.01073908805847168], "154": [6.0, 0.011225223541259766], "155": [5.0, 0.009150981903076172], "156": [5.0, 0.009950876235961914], "157": [5.0, 0.011703968048095703], "161": [5.0, 0.009465217590332031], "162": [5.0, 0.011020898818969727], "163": [5.0, 0.009386301040649414], "164": [5.0, 0.009402990341186523], "165": [6.0, 0.011034250259399414], "167": [5.0, 0.009424209594726562], "168": [5.0, 0.010724067687988281], "169": [5.0, 0.010904073715209961], "170": [6.0, 0.009902000427246094], "171": [6.0, 0.011265754699707031], "172": [5.0, 0.009033918380737305], "173": [5.0, 0.009071826934814453], "174": [5.0, 0.009469032287597656], "175": [5.0, 0.011411905288696289], "176": [6.0, 0.008955955505371094], "177": [5.0, 0.008933782577514648], "178": [5.0, 0.009193897247314453], "179": [6.0, 0.009351968765258789], "180": [5.0, 0.010597944259643555], "181": [6.0, 0.009655237197875977], "182": [6.0, 0.009543895721435547], "183": [5.0, 0.009699106216430664], "184": [5.0, 0.01057887077331543], "185": [5.0, 0.009654760360717773], "188": [5.0, 0.008996248245239258], "189": [5.0, 0.009076118469238281], "190": [5.0, 0.008945941925048828], "191": [5.0, 0.009099006652832031], "192": [5.0, 0.009850263595581055], "193": [5.0, 0.009787797927856445], "194": [5.0, 0.008990049362182617], "195": [5.0, 0.009621858596801758], "196": [5.0, 0.00905919075012207], "198": [6.0, 0.010025978088378906], "199": [6.0, 0.009751081466674805], "1": [5.0, 0.008900165557861328], "16": [5.0, 0.010592937469482422], "17": [5.0, 0.009119033813476562], "26": [5.0, 0.009151935577392578], "37": [6.0, 0.011605978012084961], "40": [5.0, 0.010197877883911133], "44": [5.0, 0.010005950927734375], "45": [5.0, 0.009001016616821289], "54": [5.0, 0.010068893432617188], "56": [6.0, 0.009496688842773438], "57": [6.0, 0.008785724639892578], "60": [6.0, 0.009184122085571289], "67": [5.0, 0.00969696044921875], "71": [5.0, 0.008707761764526367], "80": [6.0, 0.01013803482055664], "83": [6.0, 0.009817123413085938], "85": [5.0, 0.009272098541259766], "92": [5.0, 0.00945591926574707], "95": [6.0, 0.009729862213134766], "106": [5.0, 0.00934600830078125], "111": [6.0, 0.009814023971557617], "131": [5.0, 0.009281158447265625], "139": [5.0, 0.009994029998779297], "145": [5.0, 0.009167194366455078], "158": [5.0, 0.009006023406982422], "159": [5.0, 0.009109973907470703], "160": [6.0, 0.009222984313964844], "166": [6.0, 0.00890493392944336], "186": [6.0, 0.009711980819702148], "197": [5.0, 0.00919032096862793], "2": [5.0, 0.009335994720458984], "5": [5.0, 0.00929570198059082], "52": [5.0, 0.009917259216308594], "69": [6.0, 0.008905410766601562], "98": [6.0, 0.009103059768676758], "117": [5.0, 0.009280920028686523], "129": [6.0, 0.009401082992553711], "187": [5.0, 0.009998083114624023], "34": [5.0, 0.010333776473999023]}