{"0": [4.0, 2.4713120460510254], "1": [4.0, 2.767925262451172], "2": [4.0, 4.086819648742676], "3": [4.0, 2.843890905380249], "4": [4.0, 2.7795073986053467], "5": [4.0, 1.7220268249511719], "6": [4.0, 1.2692921161651611], "7": [4.0, 2.5801661014556885], "8": [4.0, 2.7615368366241455], "9": [4.0, 2.6673882007598877], "10": [4.0, 2.4967446327209473], "12": [4.0, 2.7602624893188477], "13": [4.0, 3.468783378601074], "14": [4.0, 1.6826329231262207], "15": [4.0, 4.024369716644287], "16": [4.0, 2.858664035797119], "17": [4.0, 2.7033345699310303], "18": [4.0, 2.7074551582336426], "19": [4.0, 2.501661777496338], "20": [4.0, 2.79091215133667], "21": [4.0, 2.7564423084259033], "22": [4.0, 2.790590524673462], "23": [4.0, 2.44258975982666], "24": [4.0, 2.7010648250579834], "25": [4.0, 3.9453208446502686], "26": [4.0, 2.4446005821228027], "27": [4.0, 4.316104173660278], "28": [4.0, 2.537020444869995], "29": [4.0, 2.31196928024292], "30": [4.0, 2.7191543579101562], "31": [4.0, 2.5826292037963867], "33": [4.0, 4.970400810241699], "34": [4.0, 2.666980743408203], "35": [4.0, 2.615631103515625], "37": [4.0, 4.153041839599609], "38": [4.0, 2.2790451049804688], "39": [4.0, 2.5768189430236816], "40": [4.0, 2.7756354808807373], "42": [4.0, 2.713763952255249], "43": [4.0, 2.4703316688537598], "44": [4.0, 2.0810744762420654], "45": [4.0, 2.7841429710388184], "46": [4.0, 2.681178569793701], "47": [4.0, 1.6534738540649414], "48": [4.0, 2.39239764213562], "49": [4.0, 2.7484095096588135], "51": [4.0, 4.451839447021484], "53": [4.0, 2.659731864929199], "55": [4.0, 2.9745240211486816], "56": [4.0, 1.8959324359893799], "57": [4.0, 2.7818915843963623], "60": [4.0, 4.408135652542114], "61": [4.0, 2.5249927043914795], "62": [4.0, 1.5045607089996338], "63": [4.0, 1.5092787742614746], "64": [4.0, 2.4904415607452393], "65": [4.0, 1.8338921070098877], "66": [4.0, 3.7483699321746826], "67": [4.0, 2.7001290321350098], "69": [4.0, 2.7031702995300293], "70": [4.0, 2.746877670288086], "71": [4.0, 1.5678586959838867], "72": [4.0, 2.3706886768341064], "73": [4.0, 2.618466377258301], "74": [4.0, 2.7903530597686768], "75": [4.0, 2.1542744636535645], "76": [4.0, 2.640005350112915], "77": [4.0, 2.718228816986084], "78": [4.0, 2.0926527976989746], "79": [4.0, 3.448915958404541], "80": [4.0, 2.6288082599639893], "81": [4.0, 2.4798367023468018], "83": [4.0, 1.8552908897399902], "85": [4.0, 2.514063835144043], "86": [4.0, 2.159837484359741], "87": [4.0, 3.8007209300994873], "88": [4.0, 2.7065107822418213], "89": [4.0, 2.4586634635925293], "90": [4.0, 4.649288654327393], "91": [4.0, 2.764151096343994], "92": [4.0, 3.940308094024658], "93": [4.0, 2.4998655319213867], "94": [4.0, 2.655374050140381], "95": [4.0, 3.6465821266174316], "97": [4.0, 1.7804224491119385], "98": [4.0, 2.721034049987793], "99": [4.0, 3.519951820373535], "100": [4.0, 2.7904551029205322], "101": [4.0, 2.8042550086975098], "102": [4.0, 2.798025608062744], "103": [4.0, 4.911299705505371], "104": [4.0, 5.101048946380615], "106": [4.0, 3.891111373901367], "107": [4.0, 2.788259267807007], "108": [4.0, 2.6686861515045166], "109": [4.0, 2.6841437816619873], "110": [4.0, 1.611950159072876], "112": [4.0, 2.7845535278320312], "113": [4.0, 1.6204979419708252], "114": [4.0, 2.711188316345215], "115": [4.0, 3.9562294483184814], "116": [4.0, 2.694716215133667], "117": [4.0, 2.7267675399780273], "118": [4.0, 1.9936065673828125], "119": [4.0, 2.2118124961853027], "120": [4.0, 2.1492772102355957], "121": [4.0, 2.7410547733306885], "122": [4.0, 8.093022108078003], "123": [4.0, 3.4126152992248535], "124": [4.0, 4.75171971321106], "125": [4.0, 2.7342605590820312], "126": [4.0, 3.0983693599700928], "127": [4.0, 2.4003138542175293], "128": [4.0, 3.2879526615142822], "129": [4.0, 2.0909533500671387], "131": [4.0, 2.8106789588928223], "132": [4.0, 3.1216092109680176], "133": [4.0, 2.8142988681793213], "134": [4.0, 2.4194037914276123], "135": [4.0, 2.95784592628479], "136": [4.0, 4.154843330383301], "137": [4.0, 1.3827550411224365], "138": [4.0, 2.754783868789673], "139": [4.0, 2.8841769695281982], "140": [4.0, 2.9975461959838867], "141": [4.0, 3.0603158473968506], "142": [4.0, 2.6958136558532715], "143": [4.0, 2.980825662612915], "144": [4.0, 2.8699522018432617], "145": [4.0, 4.0424394607543945], "146": [4.0, 5.666650056838989], "147": [4.0, 3.0310330390930176], "148": [4.0, 3.086019992828369], "149": [4.0, 2.9753923416137695], "11": [4.0, 5.056303024291992], "32": [4.0, 2.8724048137664795], "36": [4.0, 3.081955909729004], "41": [4.0, 3.0157523155212402], "50": [4.0, 2.412963390350342], "52": [4.0, 4.333604335784912], "54": [4.0, 1.8201673030853271], "58": [4.0, 2.8428168296813965], "68": [4.0, 2.462568998336792], "82": [4.0, 2.1100528240203857], "84": [4.0, 2.0741376876831055], "96": [4.0, 3.0121848583221436], "105": [4.0, 2.7253096103668213], "111": [4.0, 3.159184694290161], "130": [4.0, 2.7871978282928467], "59": [4.0, 2.4818644523620605]}