{"0": [5.0, 2.319149971008301], "1": [5.0, 2.126746892929077], "2": [6.0, 2.5400750637054443], "3": [6.0, 2.672492027282715], "5": [6.0, 2.4519546031951904], "7": [5.0, 1.197387933731079], "8": [5.0, 1.6217443943023682], "10": [6.0, 2.576774835586548], "12": [5.0, 1.191131353378296], "13": [5.0, 2.447097063064575], "14": [6.0, 2.272826671600342], "15": [5.0, 1.09822416305542], "16": [5.0, 1.233060359954834], "17": [5.0, 0.9945418834686279], "18": [5.0, 1.6717841625213623], "19": [5.0, 1.5698981285095215], "21": [5.0, 0.9292693138122559], "22": [5.0, 1.7270214557647705], "23": [5.0, 2.0623834133148193], "24": [5.0, 1.7830538749694824], "25": [5.0, 1.680912733078003], "26": [5.0, 1.899975061416626], "27": [5.0, 0.835728645324707], "29": [6.0, 2.475600481033325], "30": [5.0, 1.7526590824127197], "33": [5.0, 1.2650601863861084], "35": [6.0, 2.443115711212158], "36": [5.0, 3.1097264289855957], "37": [5.0, 1.105207920074463], "39": [5.0, 2.0341999530792236], "42": [6.0, 2.2490899562835693], "43": [6.0, 2.4636850357055664], "44": [5.0, 2.0660247802734375], "45": [6.0, 5.370415687561035], "46": [5.0, 1.5728089809417725], "47": [5.0, 2.275179624557495], "48": [6.0, 4.182312726974487], "49": [5.0, 2.1647889614105225], "50": [5.0, 0.9093649387359619], "51": [5.0, 1.2938268184661865], "52": [6.0, 3.6969141960144043], "54": [5.0, 1.249917984008789], "55": [6.0, 2.591202735900879], "56": [5.0, 2.0076379776000977], "57": [5.0, 2.2425389289855957], "58": [5.0, 1.6898958683013916], "60": [5.0, 2.2956936359405518], "61": [5.0, 1.919353723526001], "63": [5.0, 2.2546865940093994], "64": [5.0, 1.0012600421905518], "65": [6.0, 5.642707824707031], "66": [5.0, 1.1395835876464844], "67": [5.0, 1.7467670440673828], "68": [5.0, 3.1003856658935547], "69": [5.0, 1.2300586700439453], "71": [5.0, 1.4943671226501465], "72": [6.0, 5.391376256942749], "75": [5.0, 1.2391889095306396], "76": [5.0, 2.296764373779297], "77": [6.0, 2.4735567569732666], "78": [5.0, 1.2791450023651123], "79": [5.0, 1.0033466815948486], "80": [6.0, 2.4071967601776123], "81": [6.0, 2.402172088623047], "83": [5.0, 1.1969735622406006], "85": [6.0, 2.6481435298919678], "86": [5.0, 1.824108362197876], "87": [6.0, 3.514742851257324], "89": [6.0, 2.4635088443756104], "91": [5.0, 1.715656042098999], "92": [5.0, 1.2387397289276123], "93": [5.0, 0.890960693359375], "94": [6.0, 4.9399542808532715], "95": [5.0, 1.3427753448486328], "96": [6.0, 2.4905824661254883], "97": [6.0, 4.571598529815674], "99": [6.0, 2.6192469596862793], "100": [5.0, 1.3072407245635986], "102": [6.0, 2.860166072845459], "103": [5.0, 1.0502378940582275], "104": [5.0, 1.415006399154663], "105": [5.0, 2.4754762649536133], "107": [5.0, 1.4356634616851807], "108": [5.0, 1.041947603225708], "109": [5.0, 1.7964236736297607], "111": [6.0, 5.253661155700684], "112": [6.0, 2.7715842723846436], "114": [5.0, 1.3882124423980713], "115": [5.0, 1.7118749618530273], "117": [5.0, 1.049746036529541], "118": [5.0, 1.5304925441741943], "119": [5.0, 1.1514065265655518], "120": [6.0, 2.2995800971984863], "121": [5.0, 1.680689811706543], "123": [5.0, 0.9603486061096191], "124": [5.0, 1.805788278579712], "128": [5.0, 1.0057616233825684], "129": [5.0, 3.118300676345825], "130": [6.0, 2.358156204223633], "131": [5.0, 1.1376326084136963], "132": [5.0, 1.0843470096588135], "133": [6.0, 2.3201050758361816], "134": [5.0, 2.372243642807007], "135": [5.0, 1.0967438220977783], "138": [5.0, 2.259040117263794], "139": [6.0, 2.4719271659851074], "140": [5.0, 1.8684601783752441], "141": [6.0, 2.4670865535736084], "142": [5.0, 2.121422290802002], "143": [5.0, 1.3865888118743896], "145": [6.0, 2.3660662174224854], "146": [6.0, 2.3946280479431152], "147": [5.0, 2.2171735763549805], "148": [5.0, 0.7984802722930908], "149": [5.0, 1.421156406402588], "4": [5.0, 2.0851826667785645], "6": [6.0, 2.4058003425598145], "9": [5.0, 1.9570116996765137], "11": [6.0, 2.2946531772613525], "20": [5.0, 1.4989240169525146], "28": [5.0, 2.2055978775024414], "31": [5.0, 1.6695520877838135], "32": [6.0, 2.5560390949249268], "38": [6.0, 2.2994093894958496], "40": [6.0, 2.5092759132385254], "41": [5.0, 1.3491623401641846], "53": [5.0, 1.0513200759887695], "59": [5.0, 2.424680233001709], "62": [6.0, 3.547443389892578], "73": [6.0, 2.617929697036743], "74": [5.0, 1.4412975311279297], "82": [6.0, 2.4332754611968994], "88": [5.0, 1.0203351974487305], "90": [5.0, 2.379739999771118], "98": [5.0, 2.090665578842163], "101": [5.0, 1.333390235900879], "106": [5.0, 0.986992359161377], "110": [6.0, 2.5527875423431396], "113": [5.0, 1.4295434951782227], "116": [5.0, 0.8859171867370605], "122": [5.0, 2.266798496246338], "125": [5.0, 1.0461299419403076], "126": [5.0, 2.130420207977295], "127": [5.0, 2.175844669342041], "136": [6.0, 3.5696964263916016], "144": [6.0, 2.2007155418395996], "70": [6.0, 2.319815158843994], "84": [5.0, 1.1413381099700928], "137": [6.0, 2.5294039249420166], "34": [6.0, 2.384528160095215]}