{"0": [4.0, 2.8118278980255127], "1": [4.0, 1.626908779144287], "2": [4.0, 1.2336647510528564], "3": [4.0, 2.1183533668518066], "4": [4.0, 2.0889992713928223], "5": [4.0, 2.689234733581543], "6": [4.0, 2.7526423931121826], "8": [4.0, 2.818333864212036], "9": [4.0, 3.0325865745544434], "10": [4.0, 2.0112030506134033], "11": [4.0, 2.1723766326904297], "12": [4.0, 2.5356063842773438], "13": [4.0, 1.9332301616668701], "14": [4.0, 3.735231876373291], "15": [4.0, 2.1431596279144287], "17": [4.0, 2.901859760284424], "18": [4.0, 2.056546688079834], "19": [4.0, 2.800363779067993], "20": [4.0, 2.8437163829803467], "21": [4.0, 2.579141855239868], "22": [4.0, 2.0444352626800537], "23": [4.0, 2.822402238845825], "24": [4.0, 3.334486246109009], "25": [4.0, 2.497891426086426], "26": [4.0, 3.9732675552368164], "27": [4.0, 2.7493762969970703], "28": [4.0, 2.905860662460327], "29": [4.0, 2.0496766567230225], "30": [4.0, 1.7480075359344482], "31": [4.0, 2.3319649696350098], "32": [4.0, 1.5414509773254395], "34": [4.0, 2.830078125], "35": [4.0, 1.7530300617218018], "36": [4.0, 2.222114086151123], "38": [4.0, 1.8851146697998047], "39": [4.0, 1.5239639282226562], "40": [4.0, 2.50527024269104], "41": [4.0, 3.010680675506592], "42": [4.0, 2.2576093673706055], "43": [4.0, 2.0335378646850586], "44": [4.0, 2.5535106658935547], "45": [4.0, 2.863586664199829], "46": [4.0, 2.188558340072632], "47": [4.0, 2.176007032394409], "48": [4.0, 2.4489922523498535], "49": [4.0, 2.0280470848083496], "50": [4.0, 2.8717808723449707], "51": [4.0, 2.6195995807647705], "52": [4.0, 2.810628890991211], "53": [4.0, 4.295396566390991], "54": [4.0, 1.7994921207427979], "56": [4.0, 2.1991045475006104], "57": [4.0, 2.9375147819519043], "58": [4.0, 1.985361099243164], "59": [4.0, 2.5123789310455322], "60": [4.0, 2.82804274559021], "61": [4.0, 2.3925909996032715], "62": [4.0, 2.7594828605651855], "63": [4.0, 3.0079751014709473], "64": [4.0, 2.814260959625244], "66": [4.0, 4.061379671096802], "67": [4.0, 2.6939384937286377], "68": [4.0, 3.266519784927368], "69": [4.0, 2.811178684234619], "70": [4.0, 2.8811700344085693], "71": [4.0, 1.8194937705993652], "72": [4.0, 2.2364654541015625], "73": [4.0, 1.9222137928009033], "74": [4.0, 2.4582462310791016], "75": [4.0, 2.028508186340332], "76": [4.0, 1.6088521480560303], "77": [4.0, 2.245124340057373], "79": [4.0, 1.8289337158203125], "81": [4.0, 3.798943042755127], "82": [4.0, 2.2898504734039307], "84": [4.0, 1.922945261001587], "85": [4.0, 3.2177419662475586], "87": [4.0, 2.2204644680023193], "88": [4.0, 2.0390543937683105], "89": [4.0, 2.922635793685913], "90": [4.0, 1.4341137409210205], "91": [4.0, 3.1726136207580566], "92": [4.0, 2.2429211139678955], "93": [4.0, 2.729607343673706], "95": [4.0, 2.211031436920166], "96": [4.0, 3.105991840362549], "97": [4.0, 2.5383265018463135], "98": [4.0, 3.1736295223236084], "99": [4.0, 2.630317449569702], "100": [4.0, 2.3297371864318848], "101": [4.0, 2.0196077823638916], "102": [4.0, 2.9634389877319336], "104": [4.0, 2.965909004211426], "105": [4.0, 1.8561148643493652], "106": [4.0, 1.8698782920837402], "107": [4.0, 2.134235382080078], "108": [4.0, 1.9185841083526611], "109": [4.0, 3.927783966064453], "110": [4.0, 1.854252815246582], "111": [4.0, 1.7716209888458252], "112": [4.0, 2.743725538253784], "113": [4.0, 2.9211816787719727], "115": [4.0, 2.857273578643799], "116": [4.0, 1.980332851409912], "117": [4.0, 2.9862022399902344], "118": [4.0, 2.0850868225097656], "120": [4.0, 2.4893012046813965], "121": [4.0, 2.752253293991089], "122": [4.0, 2.9124789237976074], "123": [4.0, 4.038836717605591], "124": [4.0, 1.9737653732299805], "125": [4.0, 2.5668790340423584], "126": [4.0, 1.8442513942718506], "127": [4.0, 1.9842839241027832], "128": [4.0, 2.7644200325012207], "129": [4.0, 3.3582937717437744], "130": [4.0, 2.493861675262451], "131": [4.0, 2.5750482082366943], "132": [4.0, 2.3024747371673584], "133": [4.0, 2.797332286834717], "134": [4.0, 2.185560703277588], "135": [4.0, 4.273810863494873], "136": [4.0, 2.625729560852051], "138": [4.0, 1.7005579471588135], "140": [4.0, 2.9038186073303223], "142": [4.0, 1.861778736114502], "143": [4.0, 2.820464611053467], "144": [4.0, 2.8113341331481934], "145": [4.0, 2.7819173336029053], "146": [4.0, 1.5387403964996338], "147": [4.0, 2.3241491317749023], "148": [4.0, 1.9059958457946777], "149": [4.0, 2.222681760787964], "7": [4.0, 3.7727904319763184], "33": [4.0, 2.028369903564453], "37": [4.0, 1.6867127418518066], "55": [4.0, 1.8025219440460205], "65": [4.0, 2.36614727973938], "78": [4.0, 2.261167287826538], "80": [4.0, 2.7583699226379395], "83": [4.0, 2.758755922317505], "86": [4.0, 2.736171245574951], "94": [4.0, 2.661259412765503], "114": [4.0, 2.12137508392334], "119": [4.0, 2.540969133377075], "137": [4.0, 3.260579824447632], "141": [4.0, 2.903630495071411], "16": [4.0, 1.6492187976837158], "103": [4.0, 2.028698444366455], "139": [4.0, 2.065495252609253]}