{"0": [4.0, 5.470131158828735], "1": [4.0, 3.244061231613159], "2": [4.0, 4.655981063842773], "3": [4.0, 2.802985429763794], "4": [4.0, 2.507866859436035], "5": [4.0, 2.701899766921997], "6": [4.0, 1.6431255340576172], "7": [4.0, 4.088003873825073], "8": [4.0, 2.553344249725342], "9": [4.0, 2.3505465984344482], "10": [4.0, 2.6292176246643066], "11": [4.0, 2.9282710552215576], "12": [4.0, 2.7646915912628174], "13": [4.0, 2.6606462001800537], "14": [4.0, 1.780228853225708], "15": [4.0, 2.8067915439605713], "16": [4.0, 2.74867844581604], "17": [4.0, 2.71098256111145], "20": [4.0, 4.106869459152222], "21": [4.0, 2.6499109268188477], "22": [4.0, 2.8692545890808105], "24": [4.0, 2.6958136558532715], "25": [4.0, 1.5074872970581055], "26": [4.0, 2.7382795810699463], "27": [4.0, 2.640500783920288], "28": [4.0, 2.838649272918701], "29": [4.0, 1.9835684299468994], "30": [4.0, 1.7534785270690918], "31": [4.0, 3.1209986209869385], "32": [4.0, 4.114940643310547], "33": [4.0, 1.890941858291626], "34": [4.0, 3.5712952613830566], "35": [4.0, 1.4287395477294922], "36": [4.0, 2.2431325912475586], "37": [4.0, 2.735954523086548], "38": [4.0, 2.3559999465942383], "39": [4.0, 2.527113676071167], "40": [4.0, 2.5631790161132812], "42": [4.0, 2.61716628074646], "43": [4.0, 2.7615256309509277], "44": [4.0, 3.1548683643341064], "45": [4.0, 4.118261814117432], "46": [4.0, 2.747976064682007], "48": [4.0, 2.654904842376709], "49": [4.0, 1.3148605823516846], "50": [4.0, 2.831740617752075], "51": [4.0, 2.6884589195251465], "52": [4.0, 1.8986773490905762], "53": [4.0, 7.10727596282959], "54": [4.0, 2.079585313796997], "55": [4.0, 2.1426503658294678], "56": [4.0, 3.9140217304229736], "57": [4.0, 2.660447359085083], "58": [4.0, 1.8745195865631104], "59": [4.0, 4.095834732055664], "60": [4.0, 2.646777629852295], "61": [4.0, 2.8837482929229736], "62": [4.0, 2.700392007827759], "63": [4.0, 2.830626964569092], "64": [4.0, 2.878957748413086], "65": [4.0, 2.8018267154693604], "66": [4.0, 4.0682008266448975], "67": [4.0, 2.0777504444122314], "68": [4.0, 4.089572429656982], "69": [4.0, 2.645451307296753], "70": [4.0, 1.6504621505737305], "71": [4.0, 2.925138235092163], "72": [4.0, 2.7430014610290527], "73": [4.0, 2.0061569213867188], "74": [4.0, 2.7900617122650146], "76": [4.0, 2.9180121421813965], "77": [4.0, 2.5916926860809326], "78": [4.0, 4.00911021232605], "79": [4.0, 1.7489912509918213], "81": [4.0, 2.777395248413086], "82": [4.0, 2.7055845260620117], "83": [4.0, 1.6730961799621582], "84": [4.0, 2.650764226913452], "85": [4.0, 2.706106185913086], "87": [4.0, 2.7570290565490723], "88": [4.0, 2.8793468475341797], "89": [4.0, 2.534071683883667], "90": [4.0, 2.946551561355591], "92": [4.0, 2.1591391563415527], "93": [4.0, 4.052212953567505], "94": [4.0, 1.816864252090454], "95": [4.0, 2.715083360671997], "96": [4.0, 1.9892160892486572], "97": [4.0, 2.7273313999176025], "98": [4.0, 2.6508877277374268], "99": [4.0, 2.8924663066864014], "100": [4.0, 3.0810225009918213], "101": [4.0, 2.752487897872925], "102": [4.0, 1.7017395496368408], "103": [4.0, 2.9173643589019775], "104": [4.0, 3.7974603176116943], "105": [4.0, 2.1229236125946045], "106": [4.0, 2.837714433670044], "107": [4.0, 2.021867513656616], "108": [4.0, 2.7307426929473877], "109": [4.0, 2.941380739212036], "110": [4.0, 2.819761037826538], "111": [4.0, 1.9367163181304932], "112": [4.0, 2.59167218208313], "113": [4.0, 2.3952677249908447], "114": [4.0, 1.8106443881988525], "115": [4.0, 2.674567461013794], "116": [4.0, 4.26909065246582], "117": [4.0, 2.651982307434082], "118": [4.0, 2.8470077514648438], "119": [4.0, 1.7566471099853516], "120": [4.0, 1.970550537109375], "121": [4.0, 1.781463384628296], "122": [4.0, 2.6980786323547363], "123": [4.0, 2.511462450027466], "124": [4.0, 2.8798139095306396], "125": [4.0, 2.6842381954193115], "126": [4.0, 2.746384859085083], "127": [4.0, 2.4451358318328857], "128": [4.0, 4.067513942718506], "129": [4.0, 2.9530441761016846], "130": [4.0, 2.795433521270752], "131": [4.0, 3.768291473388672], "132": [4.0, 2.794402837753296], "133": [4.0, 2.5761759281158447], "134": [4.0, 2.214221954345703], "135": [4.0, 2.7084407806396484], "136": [4.0, 2.8781230449676514], "137": [4.0, 1.6606085300445557], "138": [4.0, 2.791238307952881], "139": [4.0, 2.5891835689544678], "140": [4.0, 2.781216859817505], "141": [4.0, 2.791175603866577], "142": [4.0, 2.784580945968628], "143": [4.0, 2.8659915924072266], "144": [4.0, 1.5473170280456543], "145": [4.0, 2.4632668495178223], "146": [4.0, 3.2101218700408936], "147": [4.0, 2.1279449462890625], "148": [4.0, 2.763716697692871], "149": [4.0, 3.0928289890289307], "18": [4.0, 3.8860206604003906], "19": [4.0, 1.7568552494049072], "41": [4.0, 1.7417924404144287], "47": [4.0, 2.7991812229156494], "80": [4.0, 2.7590253353118896], "86": [4.0, 2.879991054534912], "91": [4.0, 1.3919546604156494], "23": [4.0, 2.8746678829193115], "75": [4.0, 2.4515504837036133]}