{"0": [4.0, 1.5166521072387695], "3": [4.0, 1.804572343826294], "4": [4.0, 2.775418996810913], "5": [4.0, 1.1055994033813477], "6": [4.0, 1.5202984809875488], "7": [4.0, 1.8912103176116943], "8": [4.0, 1.2803657054901123], "9": [4.0, 6.085495233535767], "10": [4.0, 1.399104356765747], "11": [4.0, 2.0965230464935303], "12": [4.0, 1.3012006282806396], "13": [4.0, 2.2124996185302734], "14": [4.0, 1.7196311950683594], "15": [4.0, 1.463850736618042], "18": [4.0, 3.009716510772705], "19": [4.0, 2.2040486335754395], "20": [4.0, 5.287184238433838], "21": [4.0, 1.7979652881622314], "22": [4.0, 1.6088957786560059], "23": [4.0, 1.3387048244476318], "24": [4.0, 2.9225211143493652], "25": [4.0, 2.150348663330078], "26": [4.0, 1.8383407592773438], "27": [4.0, 2.346745252609253], "28": [4.0, 1.692047357559204], "29": [4.0, 3.4889042377471924], "30": [4.0, 1.9915330410003662], "31": [4.0, 2.0761983394622803], "32": [4.0, 1.816080093383789], "33": [4.0, 5.941155910491943], "35": [4.0, 1.4679007530212402], "36": [4.0, 5.897787094116211], "37": [4.0, 1.4101996421813965], "38": [4.0, 2.123166084289551], "39": [4.0, 2.1549272537231445], "41": [4.0, 1.6827332973480225], "42": [4.0, 2.8461830615997314], "43": [4.0, 2.458096981048584], "46": [4.0, 2.9035048484802246], "47": [4.0, 2.5509002208709717], "48": [4.0, 1.537083625793457], "49": [4.0, 1.784440517425537], "50": [4.0, 1.6059820652008057], "51": [4.0, 2.4397246837615967], "53": [4.0, 1.61118745803833], "54": [4.0, 2.5917787551879883], "55": [4.0, 2.6097378730773926], "56": [4.0, 1.5233163833618164], "57": [4.0, 2.9085030555725098], "58": [4.0, 7.3396382331848145], "59": [4.0, 1.6365418434143066], "61": [4.0, 5.049078702926636], "62": [4.0, 1.8109264373779297], "63": [4.0, 1.36824631690979], "64": [4.0, 1.6559357643127441], "65": [4.0, 1.8182134628295898], "66": [4.0, 3.306767702102661], "68": [4.0, 1.4076204299926758], "70": [4.0, 2.1412670612335205], "72": [4.0, 1.6210880279541016], "73": [4.0, 2.8842599391937256], "74": [4.0, 9.389668226242065], "75": [4.0, 1.7700774669647217], "76": [4.0, 4.984698534011841], "77": [4.0, 1.7000341415405273], "78": [4.0, 1.590721607208252], "79": [4.0, 2.722651958465576], "81": [4.0, 1.8174669742584229], "82": [4.0, 1.8605811595916748], "83": [4.0, 1.9832251071929932], "84": [4.0, 2.944453001022339], "86": [4.0, 1.459604024887085], "87": [4.0, 1.6769278049468994], "88": [4.0, 1.8712608814239502], "89": [4.0, 1.4839394092559814], "90": [4.0, 1.4844779968261719], "91": [4.0, 1.6777269840240479], "92": [4.0, 1.9322357177734375], "93": [4.0, 2.893080949783325], "94": [4.0, 1.1691186428070068], "95": [4.0, 1.419616937637329], "96": [4.0, 2.2776739597320557], "97": [4.0, 3.9901881217956543], "98": [4.0, 1.9558155536651611], "99": [4.0, 4.872500658035278], "100": [4.0, 4.915045499801636], "101": [4.0, 1.7115600109100342], "102": [4.0, 1.8670220375061035], "103": [4.0, 2.424105644226074], "104": [4.0, 1.9506430625915527], "105": [4.0, 1.5364453792572021], "107": [4.0, 2.2236099243164062], "108": [4.0, 2.170485019683838], "109": [4.0, 10.736189842224121], "110": [4.0, 2.2958476543426514], "111": [4.0, 2.016517162322998], "112": [4.0, 2.0623366832733154], "113": [4.0, 2.2269933223724365], "114": [4.0, 2.05527400970459], "115": [4.0, 1.8912160396575928], "116": [4.0, 1.3722245693206787], "118": [4.0, 3.042513370513916], "119": [4.0, 2.8176469802856445], "120": [4.0, 2.595301866531372], "121": [4.0, 1.6373505592346191], "122": [4.0, 1.4224092960357666], "123": [4.0, 1.8018875122070312], "124": [4.0, 2.151843786239624], "125": [4.0, 2.691593647003174], "126": [4.0, 3.023270845413208], "127": [4.0, 1.541581153869629], "128": [4.0, 1.9627723693847656], "130": [4.0, 2.9147982597351074], "131": [4.0, 1.626819372177124], "132": [4.0, 1.6716670989990234], "133": [4.0, 2.2861886024475098], "134": [4.0, 2.9570655822753906], "135": [4.0, 4.098987817764282], "136": [4.0, 1.624150037765503], "137": [4.0, 2.010612726211548], "138": [4.0, 2.043135404586792], "139": [4.0, 2.5545754432678223], "140": [4.0, 1.255570650100708], "141": [4.0, 1.8286137580871582], "142": [4.0, 1.6593029499053955], "143": [4.0, 1.4729247093200684], "144": [4.0, 2.103928565979004], "146": [4.0, 2.8719563484191895], "147": [4.0, 2.9286906719207764], "148": [4.0, 2.014368772506714], "149": [4.0, 1.7280592918395996], "1": [4.0, 2.4832308292388916], "2": [4.0, 2.3890116214752197], "16": [4.0, 1.3317935466766357], "17": [4.0, 1.853294849395752], "34": [4.0, 1.9892361164093018], "40": [4.0, 1.6861984729766846], "44": [4.0, 1.798557996749878], "45": [4.0, 1.3443245887756348], "60": [4.0, 1.8021366596221924], "67": [4.0, 2.192365884780884], "69": [4.0, 2.07802152633667], "71": [4.0, 1.5687789916992188], "80": [4.0, 1.8543615341186523], "85": [4.0, 1.5505082607269287], "106": [4.0, 1.8006041049957275], "117": [4.0, 1.687018632888794], "129": [4.0, 3.3446598052978516], "145": [4.0, 2.006822109222412], "52": [4.0, 1.2480289936065674]}