{"0": [4.0, 1.9880516529083252], "1": [4.0, 2.850778579711914], "2": [4.0, 4.1330273151397705], "3": [4.0, 2.7240383625030518], "5": [4.0, 2.7215538024902344], "7": [4.0, 2.680098295211792], "8": [4.0, 3.0811409950256348], "10": [4.0, 2.908872365951538], "12": [4.0, 2.242497682571411], "13": [4.0, 2.8183364868164062], "14": [4.0, 2.5252902507781982], "15": [4.0, 2.819882392883301], "16": [4.0, 2.7134556770324707], "17": [4.0, 4.121072292327881], "18": [4.0, 2.919288158416748], "19": [4.0, 2.7211203575134277], "21": [4.0, 2.622657537460327], "22": [4.0, 2.364698886871338], "23": [4.0, 1.9070179462432861], "24": [4.0, 2.702159881591797], "25": [4.0, 2.9524965286254883], "26": [4.0, 1.717092514038086], "27": [4.0, 2.0998427867889404], "28": [4.0, 2.4659016132354736], "29": [4.0, 2.9331045150756836], "30": [4.0, 3.7377216815948486], "32": [4.0, 3.0128464698791504], "33": [4.0, 3.005786418914795], "35": [4.0, 2.5934834480285645], "36": [4.0, 3.4536125659942627], "37": [4.0, 5.2237467765808105], "39": [4.0, 2.882168769836426], "41": [4.0, 2.825752019882202], "42": [4.0, 2.1355135440826416], "43": [4.0, 4.100006103515625], "44": [4.0, 2.764514207839966], "45": [4.0, 3.151273727416992], "46": [4.0, 2.0081417560577393], "47": [4.0, 2.872971773147583], "48": [4.0, 2.6165881156921387], "49": [4.0, 2.7795636653900146], "50": [4.0, 2.652705669403076], "51": [4.0, 2.7757625579833984], "52": [4.0, 2.7874741554260254], "53": [4.0, 2.191852569580078], "54": [4.0, 4.047642230987549], "55": [4.0, 2.7426445484161377], "56": [4.0, 2.066976547241211], "57": [4.0, 2.112502098083496], "58": [4.0, 3.106037139892578], "60": [4.0, 2.8639237880706787], "61": [4.0, 2.97035813331604], "62": [4.0, 2.917802333831787], "63": [4.0, 2.75506329536438], "64": [4.0, 2.1993277072906494], "65": [4.0, 3.0163238048553467], "66": [4.0, 3.6941089630126953], "67": [4.0, 2.754354476928711], "68": [4.0, 2.489497661590576], "69": [4.0, 2.8178298473358154], "71": [4.0, 2.7131311893463135], "72": [4.0, 2.8645148277282715], "75": [4.0, 2.010429620742798], "76": [4.0, 2.8302927017211914], "77": [4.0, 2.387021064758301], "78": [4.0, 2.744122266769409], "79": [4.0, 2.1331143379211426], "80": [4.0, 4.038515329360962], "81": [4.0, 2.8641459941864014], "82": [4.0, 2.4705984592437744], "83": [4.0, 2.906125783920288], "85": [4.0, 2.935490369796753], "86": [4.0, 2.749521493911743], "87": [4.0, 2.837109327316284], "89": [4.0, 2.5339043140411377], "91": [4.0, 2.8472366333007812], "92": [4.0, 2.867537498474121], "93": [4.0, 2.76303768157959], "94": [4.0, 3.934544801712036], "95": [4.0, 2.800976276397705], "96": [4.0, 2.634239673614502], "97": [4.0, 2.885326623916626], "99": [4.0, 2.642857074737549], "100": [4.0, 2.790372610092163], "102": [4.0, 2.9719715118408203], "103": [4.0, 2.783595085144043], "104": [4.0, 2.9950788021087646], "105": [4.0, 2.8182594776153564], "106": [4.0, 3.9352681636810303], "107": [4.0, 2.807002544403076], "108": [4.0, 2.691580295562744], "109": [4.0, 2.7288076877593994], "111": [4.0, 2.4286611080169678], "112": [4.0, 3.293823719024658], "113": [4.0, 2.6616604328155518], "114": [4.0, 8.132126331329346], "115": [4.0, 2.5215470790863037], "117": [4.0, 4.123278617858887], "118": [4.0, 2.8388311862945557], "119": [4.0, 1.7574772834777832], "120": [4.0, 2.6919994354248047], "121": [4.0, 2.6001765727996826], "122": [4.0, 2.710488796234131], "123": [4.0, 2.8640100955963135], "124": [4.0, 2.742133855819702], "126": [4.0, 2.841230869293213], "128": [4.0, 2.7494401931762695], "129": [4.0, 2.7407407760620117], "130": [4.0, 3.839578151702881], "131": [4.0, 2.7559597492218018], "132": [4.0, 3.023303508758545], "133": [4.0, 2.845804452896118], "134": [4.0, 2.096390724182129], "135": [4.0, 2.6484930515289307], "138": [4.0, 2.6697206497192383], "139": [4.0, 2.8925445079803467], "140": [4.0, 2.6498303413391113], "141": [4.0, 4.989576101303101], "142": [4.0, 4.012003660202026], "143": [4.0, 2.678194522857666], "144": [4.0, 2.7518410682678223], "145": [4.0, 4.2364277839660645], "146": [4.0, 2.746473550796509], "147": [4.0, 2.7358198165893555], "148": [4.0, 2.8437416553497314], "149": [4.0, 2.811614990234375], "4": [4.0, 2.8771018981933594], "6": [4.0, 2.6660306453704834], "9": [4.0, 4.060351848602295], "11": [4.0, 2.8511269092559814], "20": [4.0, 2.6191322803497314], "31": [4.0, 2.7430126667022705], "34": [4.0, 2.7352592945098877], "38": [4.0, 2.6327908039093018], "40": [4.0, 2.759531021118164], "59": [4.0, 2.73421311378479], "73": [4.0, 2.879743814468384], "74": [4.0, 2.7566943168640137], "88": [4.0, 2.7776999473571777], "90": [4.0, 3.7803149223327637], "98": [4.0, 2.163576602935791], "101": [4.0, 2.854213237762451], "110": [4.0, 2.762240171432495], "116": [4.0, 2.526887893676758], "125": [4.0, 3.204665184020996], "127": [4.0, 2.3782877922058105], "136": [4.0, 2.5695106983184814], "70": [4.0, 2.694953680038452], "84": [4.0, 2.6368443965911865], "137": [4.0, 2.6701860427856445]}