{"0": [5.0, 1.744574785232544], "1": [6.0, 2.1578264236450195], "3": [6.0, 2.569981098175049], "4": [5.0, 1.5016789436340332], "5": [5.0, 2.211606025695801], "6": [5.0, 2.466470956802368], "7": [6.0, 2.5532901287078857], "8": [5.0, 2.9134931564331055], "9": [5.0, 0.7470254898071289], "10": [5.0, 2.2664427757263184], "12": [6.0, 4.878507614135742], "13": [6.0, 2.5805492401123047], "14": [5.0, 0.7839162349700928], "15": [6.0, 2.782994270324707], "16": [5.0, 2.0731592178344727], "17": [5.0, 1.4502439498901367], "20": [5.0, 1.3983659744262695], "21": [5.0, 1.1414768695831299], "22": [6.0, 10.888506174087524], "24": [5.0, 2.4349071979522705], "25": [5.0, 2.168958902359009], "26": [5.0, 2.2699925899505615], "27": [5.0, 1.938857078552246], "28": [6.0, 2.4195475578308105], "29": [5.0, 1.8133809566497803], "30": [5.0, 1.9810662269592285], "31": [6.0, 2.6162779331207275], "32": [5.0, 2.5805113315582275], "33": [5.0, 2.3268847465515137], "34": [6.0, 2.728395938873291], "35": [5.0, 3.3351173400878906], "36": [6.0, 5.26325249671936], "38": [5.0, 1.5776095390319824], "39": [5.0, 1.4550895690917969], "40": [5.0, 1.1062285900115967], "43": [5.0, 1.1883740425109863], "44": [5.0, 1.44004225730896], "45": [5.0, 2.308772087097168], "46": [6.0, 2.411127805709839], "48": [5.0, 2.500898838043213], "50": [5.0, 2.437994956970215], "51": [5.0, 2.3807532787323], "52": [5.0, 2.270787477493286], "55": [6.0, 2.5411815643310547], "56": [5.0, 3.103161573410034], "57": [6.0, 2.565359354019165], "58": [5.0, 2.512368679046631], "59": [6.0, 2.597139835357666], "60": [5.0, 1.0623834133148193], "61": [5.0, 1.4029769897460938], "62": [5.0, 1.5669763088226318], "63": [5.0, 1.9982893466949463], "64": [6.0, 3.9538774490356445], "65": [5.0, 2.6232528686523438], "66": [5.0, 1.5383806228637695], "67": [5.0, 1.7303440570831299], "68": [6.0, 2.723668336868286], "69": [5.0, 1.45316743850708], "70": [6.0, 3.4271738529205322], "71": [5.0, 1.8932948112487793], "72": [5.0, 2.370342969894409], "73": [5.0, 1.5320696830749512], "74": [6.0, 4.9905571937561035], "76": [5.0, 0.886667013168335], "77": [5.0, 1.6556322574615479], "78": [6.0, 4.169321060180664], "79": [5.0, 2.175745964050293], "81": [6.0, 2.2849745750427246], "82": [5.0, 1.6447327136993408], "84": [5.0, 1.8807430267333984], "85": [5.0, 3.6286325454711914], "87": [6.0, 2.420429229736328], "88": [5.0, 2.727796792984009], "89": [5.0, 2.306950569152832], "90": [5.0, 1.6623809337615967], "92": [6.0, 5.374420404434204], "93": [5.0, 2.224442720413208], "96": [5.0, 2.297009229660034], "98": [5.0, 2.160017490386963], "99": [5.0, 2.0710408687591553], "100": [5.0, 1.3179857730865479], "101": [5.0, 1.3048734664916992], "103": [6.0, 2.6730802059173584], "104": [5.0, 3.1711361408233643], "105": [5.0, 2.095383405685425], "106": [5.0, 1.1183736324310303], "107": [5.0, 1.351985216140747], "108": [6.0, 2.6456961631774902], "109": [6.0, 2.5076205730438232], "110": [5.0, 1.805368423461914], "111": [5.0, 2.3697712421417236], "112": [5.0, 2.2923197746276855], "113": [5.0, 2.4164581298828125], "114": [5.0, 2.707085132598877], "115": [6.0, 5.334573030471802], "116": [5.0, 3.440298318862915], "118": [5.0, 1.634279489517212], "119": [5.0, 1.5824627876281738], "121": [5.0, 1.0105652809143066], "123": [5.0, 2.403991937637329], "124": [5.0, 2.2193121910095215], "125": [6.0, 2.788045883178711], "126": [6.0, 6.129282712936401], "127": [5.0, 2.2700412273406982], "128": [5.0, 1.892545223236084], "129": [5.0, 1.1625335216522217], "130": [5.0, 1.39412522315979], "131": [5.0, 2.1344995498657227], "132": [5.0, 1.149665355682373], "133": [5.0, 2.462813377380371], "134": [5.0, 2.2061727046966553], "135": [5.0, 1.248223066329956], "136": [5.0, 1.7102081775665283], "137": [5.0, 2.3649399280548096], "138": [5.0, 1.0037081241607666], "139": [5.0, 2.0278756618499756], "140": [5.0, 1.4867055416107178], "141": [6.0, 5.826833724975586], "142": [5.0, 1.8089184761047363], "143": [5.0, 1.9616518020629883], "144": [5.0, 2.445277452468872], "145": [5.0, 1.6315655708312988], "147": [6.0, 2.650266408920288], "148": [5.0, 2.655912399291992], "149": [5.0, 0.9253497123718262], "11": [6.0, 2.827298402786255], "18": [5.0, 2.4738073348999023], "19": [5.0, 2.258169412612915], "37": [5.0, 2.357475996017456], "41": [5.0, 1.21108078956604], "42": [6.0, 2.4568798542022705], "47": [5.0, 1.0193367004394531], "49": [5.0, 2.531709671020508], "53": [5.0, 2.477296829223633], "80": [5.0, 1.2262036800384521], "91": [5.0, 2.10662579536438], "95": [5.0, 1.4344828128814697], "97": [5.0, 3.7606208324432373], "102": [5.0, 2.3109195232391357], "120": [5.0, 2.2885568141937256], "122": [5.0, 2.3331897258758545], "146": [5.0, 1.1071667671203613], "2": [5.0, 2.410161256790161], "23": [5.0, 2.041876792907715], "75": [5.0, 1.5057642459869385], "83": [5.0, 2.3403024673461914], "86": [5.0, 2.4086039066314697], "94": [5.0, 2.5528311729431152], "117": [5.0, 2.0479907989501953], "54": [5.0, 2.2797293663024902]}