{"0": [5.0, 1.862910270690918], "3": [5.0, 2.2931582927703857], "4": [5.0, 1.1402413845062256], "6": [5.0, 2.4431724548339844], "7": [5.0, 2.1762425899505615], "8": [5.0, 1.7292568683624268], "9": [5.0, 2.0905799865722656], "10": [5.0, 2.1443135738372803], "11": [5.0, 2.466784715652466], "12": [5.0, 0.9523992538452148], "13": [5.0, 1.1655268669128418], "14": [5.0, 3.573157548904419], "15": [5.0, 2.357086181640625], "18": [5.0, 1.1806559562683105], "19": [5.0, 1.334421157836914], "20": [5.0, 2.4362728595733643], "21": [5.0, 1.2626936435699463], "22": [5.0, 1.8508174419403076], "23": [5.0, 2.184845447540283], "24": [5.0, 1.8464887142181396], "25": [5.0, 1.3075814247131348], "27": [5.0, 2.109330654144287], "28": [5.0, 2.2271246910095215], "29": [5.0, 2.3670339584350586], "30": [5.0, 2.3597946166992188], "31": [5.0, 2.2311201095581055], "32": [5.0, 3.4385697841644287], "33": [5.0, 1.6635959148406982], "35": [5.0, 1.5559110641479492], "36": [5.0, 1.5158989429473877], "38": [5.0, 1.524777889251709], "39": [5.0, 1.6510133743286133], "41": [5.0, 1.0539157390594482], "42": [5.0, 2.119898796081543], "43": [5.0, 1.8942012786865234], "46": [5.0, 2.2518858909606934], "47": [5.0, 1.5716609954833984], "48": [5.0, 2.314586639404297], "49": [5.0, 1.989130973815918], "50": [5.0, 2.3225953578948975], "51": [5.0, 2.2619946002960205], "53": [5.0, 1.9699084758758545], "55": [5.0, 3.130791664123535], "58": [5.0, 1.5152130126953125], "59": [5.0, 0.8709554672241211], "61": [5.0, 1.5432217121124268], "62": [5.0, 2.320220947265625], "63": [5.0, 1.346851110458374], "64": [5.0, 2.418419599533081], "65": [5.0, 2.5594396591186523], "66": [5.0, 1.2822177410125732], "68": [5.0, 1.0078520774841309], "70": [5.0, 1.2075181007385254], "72": [5.0, 1.4059245586395264], "73": [5.0, 1.748262882232666], "74": [5.0, 2.213712692260742], "75": [5.0, 2.2707860469818115], "76": [5.0, 1.5467529296875], "77": [5.0, 1.2929677963256836], "78": [5.0, 3.6709892749786377], "79": [5.0, 2.3806965351104736], "81": [5.0, 2.161665439605713], "82": [5.0, 1.2465219497680664], "84": [5.0, 1.2538838386535645], "86": [5.0, 2.28189754486084], "87": [5.0, 1.7666597366333008], "88": [5.0, 2.3348348140716553], "89": [5.0, 1.9768548011779785], "90": [5.0, 0.9827237129211426], "91": [5.0, 1.9955339431762695], "93": [5.0, 0.902634859085083], "94": [5.0, 2.1426496505737305], "96": [5.0, 2.2170634269714355], "97": [5.0, 0.9331049919128418], "99": [5.0, 0.9759612083435059], "100": [5.0, 2.3334500789642334], "101": [5.0, 2.9448351860046387], "102": [5.0, 2.22843599319458], "103": [5.0, 1.1608333587646484], "104": [5.0, 0.7495782375335693], "105": [5.0, 2.2677910327911377], "107": [5.0, 2.47993540763855], "108": [5.0, 2.433222770690918], "109": [5.0, 2.328294038772583], "110": [5.0, 1.6265232563018799], "112": [5.0, 2.2888591289520264], "113": [5.0, 1.0010130405426025], "114": [5.0, 2.164607524871826], "115": [5.0, 1.3667092323303223], "116": [5.0, 2.119772434234619], "118": [5.0, 2.420013189315796], "119": [5.0, 2.9209911823272705], "120": [5.0, 2.3779430389404297], "121": [5.0, 1.8059542179107666], "122": [5.0, 0.8957123756408691], "123": [5.0, 1.9818575382232666], "124": [5.0, 2.450972080230713], "125": [5.0, 0.8368613719940186], "126": [5.0, 1.1206145286560059], "127": [5.0, 2.3815982341766357], "128": [5.0, 2.3401525020599365], "130": [5.0, 2.0453360080718994], "132": [5.0, 1.4048652648925781], "133": [5.0, 1.1172683238983154], "134": [5.0, 1.2227764129638672], "135": [5.0, 1.4856913089752197], "136": [5.0, 2.519887685775757], "137": [5.0, 1.5757529735565186], "138": [5.0, 3.637887716293335], "140": [5.0, 1.8742687702178955], "141": [5.0, 1.237919569015503], "142": [5.0, 1.5802993774414062], "143": [5.0, 1.8761920928955078], "144": [5.0, 1.1901099681854248], "146": [5.0, 0.8825924396514893], "147": [5.0, 1.9310860633850098], "148": [5.0, 2.2902214527130127], "149": [5.0, 2.412360668182373], "1": [5.0, 0.8966934680938721], "2": [5.0, 2.21894907951355], "5": [5.0, 1.2246813774108887], "16": [5.0, 2.14127516746521], "17": [5.0, 2.237190008163452], "26": [5.0, 2.200115919113159], "34": [5.0, 1.1203861236572266], "37": [5.0, 2.778998851776123], "40": [5.0, 2.1864476203918457], "44": [5.0, 2.4310126304626465], "45": [5.0, 2.2269818782806396], "54": [5.0, 1.334352731704712], "56": [5.0, 1.9154791831970215], "57": [5.0, 1.3308839797973633], "60": [5.0, 2.2199878692626953], "67": [5.0, 2.1077699661254883], "69": [5.0, 1.2033486366271973], "71": [5.0, 1.0978121757507324], "80": [5.0, 1.0644583702087402], "83": [5.0, 2.0877320766448975], "85": [5.0, 2.312429428100586], "92": [5.0, 2.12505841255188], "95": [5.0, 2.213696241378784], "98": [5.0, 2.8199098110198975], "106": [5.0, 2.207716703414917], "117": [5.0, 1.6679770946502686], "129": [5.0, 1.359328269958496], "139": [5.0, 2.37760066986084], "145": [5.0, 1.5033681392669678], "52": [5.0, 1.9137649536132812], "131": [5.0, 0.9479072093963623], "111": [5.0, 1.2629814147949219]}