{"0": [5.0, 1.3634510040283203], "1": [5.0, 2.26188063621521], "2": [5.0, 1.9467134475708008], "3": [5.0, 2.4945590496063232], "4": [5.0, 1.1252250671386719], "5": [5.0, 1.0347018241882324], "6": [5.0, 1.2978744506835938], "9": [5.0, 2.2180237770080566], "10": [5.0, 2.3385508060455322], "11": [5.0, 1.5636467933654785], "12": [5.0, 1.5101935863494873], "13": [5.0, 0.9556725025177002], "14": [5.0, 1.893409013748169], "15": [5.0, 0.9825644493103027], "20": [5.0, 1.4397101402282715], "21": [5.0, 2.0192370414733887], "22": [5.0, 1.3303484916687012], "23": [5.0, 1.2323698997497559], "26": [5.0, 1.2428560256958008], "27": [5.0, 1.138580083847046], "28": [5.0, 1.539736032485962], "29": [5.0, 0.963104248046875], "30": [5.0, 1.5068678855895996], "31": [5.0, 1.4664936065673828], "32": [5.0, 1.308246374130249], "35": [5.0, 2.112849473953247], "36": [5.0, 1.065110683441162], "38": [5.0, 3.436689853668213], "41": [5.0, 1.569082498550415], "42": [5.0, 1.3127963542938232], "43": [5.0, 2.2438504695892334], "44": [5.0, 1.0282471179962158], "45": [5.0, 1.2535474300384521], "46": [5.0, 2.1860435009002686], "48": [5.0, 1.441664695739746], "49": [5.0, 2.0199687480926514], "50": [5.0, 0.8855991363525391], "51": [5.0, 1.5950260162353516], "52": [5.0, 1.594628095626831], "53": [5.0, 1.1896748542785645], "54": [5.0, 1.6260731220245361], "56": [5.0, 1.0480115413665771], "57": [5.0, 1.305617094039917], "58": [5.0, 1.487950325012207], "59": [5.0, 4.0900068283081055], "60": [5.0, 1.7705223560333252], "61": [5.0, 2.1988651752471924], "62": [5.0, 1.1647403240203857], "63": [5.0, 1.3181769847869873], "64": [5.0, 1.5230462551116943], "66": [5.0, 1.598942756652832], "67": [5.0, 1.612208366394043], "68": [5.0, 0.9343969821929932], "69": [5.0, 1.6251728534698486], "70": [5.0, 1.0590200424194336], "71": [5.0, 1.781994104385376], "72": [5.0, 1.5662405490875244], "73": [5.0, 1.175168752670288], "74": [5.0, 1.0199711322784424], "75": [5.0, 1.0076813697814941], "76": [5.0, 1.127384901046753], "79": [5.0, 1.0372405052185059], "81": [5.0, 0.9064779281616211], "82": [5.0, 1.1815392971038818], "84": [5.0, 1.2011353969573975], "85": [5.0, 0.8016855716705322], "87": [5.0, 1.3294517993927002], "89": [5.0, 2.594998598098755], "90": [5.0, 1.2447404861450195], "91": [5.0, 1.326552391052246], "92": [5.0, 1.020641803741455], "93": [5.0, 1.067887783050537], "95": [5.0, 1.2327048778533936], "96": [5.0, 2.1770427227020264], "97": [5.0, 1.1583690643310547], "98": [5.0, 2.1787734031677246], "99": [5.0, 0.8804235458374023], "100": [5.0, 1.9201793670654297], "101": [5.0, 0.9270672798156738], "102": [5.0, 1.195692777633667], "104": [5.0, 0.9687845706939697], "105": [5.0, 1.2074909210205078], "106": [5.0, 1.1125233173370361], "107": [5.0, 1.3490808010101318], "108": [5.0, 1.9504225254058838], "109": [5.0, 1.5711793899536133], "110": [5.0, 0.9222671985626221], "111": [5.0, 2.2190113067626953], "112": [5.0, 3.0545427799224854], "113": [5.0, 1.1683719158172607], "115": [5.0, 1.4434759616851807], "116": [5.0, 1.0260677337646484], "117": [5.0, 1.1053235530853271], "118": [5.0, 1.2353272438049316], "120": [5.0, 1.3343212604522705], "121": [5.0, 1.1304173469543457], "122": [5.0, 1.767853021621704], "123": [5.0, 2.2434778213500977], "124": [5.0, 0.9804794788360596], "125": [5.0, 0.9610002040863037], "128": [5.0, 1.075185775756836], "129": [5.0, 1.0494661331176758], "130": [5.0, 0.9720745086669922], "131": [5.0, 1.3807673454284668], "132": [5.0, 1.212181568145752], "133": [5.0, 1.371500015258789], "135": [5.0, 0.9118309020996094], "136": [5.0, 1.8406331539154053], "138": [5.0, 1.2391977310180664], "140": [5.0, 1.192859172821045], "142": [5.0, 2.0680689811706543], "143": [5.0, 0.9371232986450195], "144": [5.0, 2.0381295680999756], "145": [5.0, 1.1741619110107422], "146": [5.0, 1.1015784740447998], "147": [5.0, 1.8293066024780273], "8": [5.0, 1.2023756504058838], "17": [5.0, 1.0446441173553467], "18": [5.0, 1.6224641799926758], "24": [5.0, 1.8934495449066162], "25": [5.0, 1.5964453220367432], "34": [5.0, 1.171846866607666], "40": [5.0, 1.1882975101470947], "47": [5.0, 1.8126790523529053], "55": [5.0, 2.5313761234283447], "65": [5.0, 1.6595609188079834], "78": [5.0, 1.0074024200439453], "83": [5.0, 1.5549476146697998], "86": [5.0, 1.262204647064209], "88": [5.0, 1.657257318496704], "94": [5.0, 2.6071908473968506], "114": [5.0, 1.7431938648223877], "119": [5.0, 2.318211793899536], "126": [5.0, 2.113449811935425], "127": [5.0, 0.9817206859588623], "134": [5.0, 2.2345449924468994], "137": [5.0, 1.1400513648986816], "149": [5.0, 1.7939422130584717], "7": [5.0, 2.1977040767669678], "16": [5.0, 2.0338735580444336], "19": [5.0, 1.0166840553283691], "77": [5.0, 1.6486530303955078], "103": [5.0, 1.0733466148376465], "139": [5.0, 1.0569612979888916], "141": [5.0, 1.2101891040802002], "148": [5.0, 1.5001792907714844], "33": [5.0, 1.100738763809204], "39": [5.0, 1.6364336013793945], "80": [5.0, 2.825850486755371], "37": [5.0, 1.3135483264923096]}