{"0": [4.0, 4.565543174743652], "1": [4.0, 9.47102403640747], "2": [4.0, 9.002017974853516], "3": [4.0, 7.343742847442627], "4": [4.0, 4.134095191955566], "5": [4.0, 5.952383995056152], "6": [4.0, 8.102254867553711], "8": [4.0, 6.012699842453003], "9": [4.0, 4.680065155029297], "10": [4.0, 6.563529014587402], "11": [4.0, 4.488308906555176], "12": [4.0, 3.6055970191955566], "13": [4.0, 5.095816373825073], "14": [4.0, 3.4456090927124023], "15": [4.0, 6.593388795852661], "17": [4.0, 8.100798845291138], "18": [4.0, 7.397075891494751], "19": [4.0, 8.916694641113281], "20": [4.0, 5.689410209655762], "21": [4.0, 5.120633125305176], "22": [4.0, 4.549210071563721], "23": [4.0, 9.016807079315186], "24": [4.0, 8.400026321411133], "25": [4.0, 6.4526636600494385], "26": [4.0, 7.0333168506622314], "27": [4.0, 7.582720041275024], "28": [4.0, 7.522511005401611], "29": [4.0, 4.898529767990112], "30": [4.0, 7.2462170124053955], "31": [4.0, 4.158190965652466], "32": [4.0, 5.712252855300903], "34": [4.0, 3.1799228191375732], "35": [4.0, 3.6605937480926514], "36": [4.0, 3.195033073425293], "38": [4.0, 8.796334266662598], "39": [4.0, 4.916578054428101], "40": [4.0, 8.180269002914429], "41": [4.0, 6.975292921066284], "42": [4.0, 6.454468011856079], "43": [4.0, 6.562732219696045], "44": [4.0, 8.107969999313354], "45": [4.0, 3.1039481163024902], "46": [4.0, 6.720308065414429], "47": [4.0, 6.218294620513916], "48": [4.0, 7.580693006515503], "49": [4.0, 7.197561025619507], "50": [4.0, 6.014878273010254], "51": [4.0, 3.6768360137939453], "52": [4.0, 7.62462592124939], "53": [4.0, 8.036656141281128], "54": [4.0, 5.718931198120117], "56": [4.0, 5.899022817611694], "57": [4.0, 5.973621845245361], "58": [4.0, 4.063219785690308], "59": [4.0, 9.184561252593994], "60": [4.0, 7.016824007034302], "61": [4.0, 5.066071033477783], "62": [4.0, 6.543998956680298], "63": [4.0, 3.3064372539520264], "64": [4.0, 7.561737060546875], "66": [4.0, 4.182749271392822], "67": [4.0, 7.242631912231445], "68": [4.0, 5.712822914123535], "69": [4.0, 7.246449947357178], "70": [4.0, 7.419546127319336], "71": [4.0, 4.226845026016235], "72": [4.0, 6.113263845443726], "73": [4.0, 7.718169212341309], "74": [4.0, 3.953883171081543], "75": [4.0, 6.6178271770477295], "76": [4.0, 5.7997987270355225], "77": [4.0, 7.671741962432861], "79": [4.0, 7.080803155899048], "81": [4.0, 6.875246047973633], "82": [4.0, 6.798864126205444], "84": [4.0, 4.10670018196106], "85": [4.0, 6.901243209838867], "87": [4.0, 6.281798839569092], "88": [4.0, 6.544219017028809], "89": [4.0, 6.527206897735596], "90": [4.0, 7.163465976715088], "91": [4.0, 6.768953323364258], "92": [4.0, 4.833846092224121], "93": [4.0, 9.11341404914856], "95": [4.0, 4.173573970794678], "96": [4.0, 7.011934041976929], "97": [4.0, 12.509612083435059], "98": [4.0, 10.742285966873169], "99": [4.0, 7.683462858200073], "100": [4.0, 3.9851458072662354], "101": [4.0, 8.59472107887268], "102": [4.0, 7.282787084579468], "104": [4.0, 3.86401104927063], "105": [4.0, 7.156757116317749], "106": [4.0, 4.411073923110962], "107": [4.0, 6.857202053070068], "108": [4.0, 4.597273826599121], "109": [4.0, 7.778129816055298], "110": [4.0, 5.592474699020386], "111": [4.0, 6.759703874588013], "112": [4.0, 6.962650775909424], "113": [4.0, 4.402055025100708], "115": [4.0, 7.112574815750122], "116": [4.0, 7.961697816848755], "117": [4.0, 7.024369955062866], "118": [4.0, 9.693599939346313], "120": [4.0, 8.035566091537476], "121": [4.0, 9.389917850494385], "122": [4.0, 7.552531003952026], "123": [4.0, 7.875796318054199], "124": [4.0, 6.368589162826538], "125": [4.0, 9.133090019226074], "126": [4.0, 9.215250253677368], "127": [4.0, 9.731189727783203], "128": [4.0, 8.186556339263916], "129": [4.0, 4.083833932876587], "130": [4.0, 9.67146897315979], "131": [4.0, 10.36062502861023], "132": [4.0, 9.40688705444336], "133": [4.0, 9.040302038192749], "134": [4.0, 7.653789043426514], "135": [4.0, 5.0728888511657715], "136": [4.0, 7.969261169433594], "138": [4.0, 5.661587953567505], "140": [4.0, 5.892957925796509], "142": [4.0, 6.0556089878082275], "143": [4.0, 3.5968780517578125], "144": [4.0, 5.7312352657318115], "145": [4.0, 6.803828001022339], "146": [4.0, 5.886723041534424], "147": [4.0, 4.361288070678711], "148": [4.0, 3.6744518280029297], "149": [4.0, 7.512425899505615], "151": [4.0, 4.578185796737671], "152": [4.0, 6.422445058822632], "153": [4.0, 5.784751892089844], "154": [4.0, 6.289993047714233], "155": [4.0, 7.066318988800049], "156": [4.0, 4.066318035125732], "157": [4.0, 6.108146905899048], "158": [4.0, 3.2372400760650635], "159": [4.0, 4.360262870788574], "162": [4.0, 4.970009088516235], "165": [4.0, 6.022312164306641], "166": [4.0, 5.964818954467773], "167": [4.0, 4.916194915771484], "168": [4.0, 3.9224131107330322], "170": [4.0, 5.886382102966309], "171": [4.0, 7.260632038116455], "172": [4.0, 4.436032056808472], "173": [4.0, 2.748769760131836], "174": [4.0, 3.8135712146759033], "175": [4.0, 3.8187272548675537], "177": [4.0, 8.407899141311646], "178": [4.0, 7.91498589515686], "180": [4.0, 3.7820630073547363], "181": [4.0, 6.12713885307312], "182": [4.0, 3.9855098724365234], "183": [4.0, 3.89803409576416], "184": [4.0, 6.835735082626343], "185": [4.0, 4.125822067260742], "186": [4.0, 6.7461838722229], "187": [4.0, 5.076761245727539], "188": [4.0, 7.316161632537842], "189": [4.0, 7.553584098815918], "190": [4.0, 8.015119791030884], "191": [4.0, 8.369959115982056], "192": [4.0, 7.87732720375061], "193": [4.0, 9.07944393157959], "194": [4.0, 6.511162757873535], "195": [4.0, 5.7602338790893555], "196": [4.0, 4.145072937011719], "197": [4.0, 6.619722127914429], "198": [4.0, 5.920310020446777], "199": [4.0, 6.548975944519043], "7": [4.0, 5.770824909210205], "16": [4.0, 7.802326917648315], "33": [4.0, 5.672049045562744], "37": [4.0, 6.0849809646606445], "55": [4.0, 9.882337093353271], "65": [4.0, 9.876840829849243], "78": [4.0, 6.722157955169678], "80": [4.0, 10.622749328613281], "83": [4.0, 8.551347017288208], "86": [4.0, 6.318927049636841], "94": [4.0, 3.0376698970794678], "103": [4.0, 5.318766832351685], "114": [4.0, 5.3570239543914795], "119": [4.0, 5.5104758739471436], "137": [4.0, 2.9989688396453857], "139": [4.0, 3.320051908493042], "141": [4.0, 7.224491119384766], "150": [4.0, 4.725826025009155], "160": [4.0, 3.4268300533294678], "161": [4.0, 7.247968912124634], "163": [4.0, 3.0580620765686035], "164": [4.0, 7.421043872833252], "169": [4.0, 5.432123899459839], "176": [4.0, 6.597556114196777], "179": [4.0, 5.312409162521362]}