{"0": [6.0, 4.767714023590088], "1": [6.0, 5.955523252487183], "2": [6.0, 1.5715839862823486], "3": [6.0, 4.802221775054932], "5": [6.0, 4.8778862953186035], "7": [6.0, 4.7814812660217285], "8": [5.0, 1.3524079322814941], "10": [5.0, 1.3134009838104248], "12": [6.0, 4.1866748332977295], "13": [6.0, 4.388026237487793], "14": [6.0, 4.14339017868042], "15": [5.0, 1.269576072692871], "16": [5.0, 1.2584168910980225], "17": [6.0, 1.3688468933105469], "18": [6.0, 76.76993203163147], "19": [5.0, 1.5526001453399658], "21": [6.0, 4.035943984985352], "22": [6.0, 4.267287015914917], "23": [6.0, 1.423327922821045], "24": [6.0, 4.8072288036346436], "25": [6.0, 5.102011680603027], "26": [5.0, 1.1732170581817627], "27": [6.0, 4.547368049621582], "29": [5.0, 1.4089610576629639], "30": [6.0, 34.494481801986694], "33": [5.0, 1.728342056274414], "35": [5.0, 1.3723680973052979], "36": [6.0, 1.4341602325439453], "37": [5.0, 1.3011200428009033], "39": [5.0, 1.5951030254364014], "42": [5.0, 1.1568551063537598], "43": [6.0, 4.170637845993042], "44": [6.0, 1.329240083694458], "45": [5.0, 1.1791739463806152], "46": [5.0, 1.4295859336853027], "47": [6.0, 4.327046155929565], "48": [6.0, 3.6809499263763428], "49": [6.0, 4.342786073684692], "50": [6.0, 4.326691150665283], "51": [6.0, 1.2583520412445068], "52": [5.0, 1.3326098918914795], "54": [5.0, 1.333920955657959], "55": [6.0, 4.403253078460693], "56": [6.0, 3.1332638263702393], "57": [5.0, 1.2553908824920654], "58": [5.0, 1.5305380821228027], "60": [5.0, 1.3557040691375732], "61": [6.0, 1.4188599586486816], "63": [6.0, 4.447833776473999], "64": [6.0, 4.012182712554932], "65": [6.0, 10.65709114074707], "66": [6.0, 1.5484821796417236], "67": [5.0, 1.2327370643615723], "68": [5.0, 1.3827450275421143], "69": [6.0, 1.392561912536621], "71": [5.0, 1.2294220924377441], "72": [5.0, 1.1017019748687744], "75": [5.0, 1.18471097946167], "76": [5.0, 1.2460527420043945], "77": [6.0, 1.4236690998077393], "78": [6.0, 1.3601188659667969], "79": [5.0, 1.1859171390533447], "80": [6.0, 4.300684928894043], "81": [5.0, 1.222465991973877], "83": [6.0, 4.135305881500244], "85": [6.0, 1.2434680461883545], "86": [5.0, 1.321488857269287], "87": [6.0, 3.853295087814331], "89": [6.0, 3.9476301670074463], "91": [5.0, 1.2591722011566162], "92": [6.0, 3.672408103942871], "93": [6.0, 4.178784608840942], "94": [6.0, 4.293606758117676], "95": [6.0, 2.9374611377716064], "96": [6.0, 2.7302589416503906], "97": [5.0, 1.181804895401001], "99": [5.0, 1.123075008392334], "100": [5.0, 1.2434709072113037], "102": [6.0, 1.4152538776397705], "103": [6.0, 11.838698863983154], "104": [6.0, 4.295538902282715], "105": [5.0, 1.3927500247955322], "107": [5.0, 1.6347131729125977], "108": [6.0, 1.4930341243743896], "109": [6.0, 10.818906784057617], "111": [6.0, 4.129327058792114], "112": [6.0, 4.518151044845581], "114": [6.0, 4.256462097167969], "115": [5.0, 1.167060136795044], "117": [6.0, 4.308604955673218], "118": [5.0, 1.2941081523895264], "119": [5.0, 1.2574539184570312], "120": [6.0, 4.232987880706787], "121": [5.0, 1.4654290676116943], "123": [5.0, 1.563688039779663], "124": [6.0, 4.384364128112793], "128": [5.0, 1.2128069400787354], "129": [5.0, 1.2499151229858398], "130": [5.0, 1.372964859008789], "131": [5.0, 1.3022310733795166], "132": [6.0, 2.5923690795898438], "133": [5.0, 1.2725780010223389], "134": [5.0, 1.4471640586853027], "135": [5.0, 1.226850986480713], "138": [5.0, 1.3151459693908691], "139": [6.0, 68.28576707839966], "140": [6.0, 4.044663906097412], "141": [5.0, 1.3326938152313232], "142": [6.0, 1.2295441627502441], "143": [6.0, 4.1617021560668945], "145": [5.0, 1.3726959228515625], "146": [6.0, 2.6262800693511963], "147": [5.0, 1.3210079669952393], "148": [6.0, 3.700697898864746], "149": [5.0, 1.3039429187774658], "150": [5.0, 1.3079278469085693], "151": [5.0, 1.0925540924072266], "152": [6.0, 1.3831899166107178], "153": [6.0, 4.249166965484619], "154": [6.0, 4.296178102493286], "155": [5.0, 1.2147748470306396], "156": [5.0, 1.215595006942749], "157": [6.0, 4.2673821449279785], "159": [5.0, 1.250694751739502], "160": [6.0, 4.256567716598511], "161": [6.0, 1.2546489238739014], "162": [5.0, 1.3767731189727783], "163": [6.0, 3.709794044494629], "164": [5.0, 1.3129751682281494], "165": [5.0, 1.2259230613708496], "167": [5.0, 1.2591149806976318], "168": [5.0, 1.1764938831329346], "169": [5.0, 1.4224801063537598], "170": [6.0, 4.087494850158691], "171": [5.0, 1.1845228672027588], "173": [6.0, 4.179899215698242], "176": [6.0, 4.427454948425293], "179": [6.0, 1.2335689067840576], "180": [5.0, 1.1258420944213867], "181": [5.0, 1.0633177757263184], "184": [5.0, 1.2510571479797363], "185": [6.0, 46.278916120529175], "186": [5.0, 1.2935428619384766], "187": [5.0, 1.464388132095337], "188": [6.0, 3.675539016723633], "189": [6.0, 3.968557834625244], "190": [6.0, 1.4729640483856201], "191": [6.0, 1.3533639907836914], "192": [5.0, 1.2360150814056396], "193": [6.0, 3.8235878944396973], "194": [6.0, 4.118714094161987], "195": [5.0, 1.3698279857635498], "196": [6.0, 1.3002679347991943], "197": [6.0, 1.2583160400390625], "198": [5.0, 1.316206932067871], "199": [6.0, 38.58687686920166], "4": [6.0, 4.13293981552124], "6": [6.0, 1.369361162185669], "9": [5.0, 1.3473701477050781], "11": [6.0, 1.2082650661468506], "28": [6.0, 53.75979804992676], "31": [6.0, 60.16437578201294], "32": [6.0, 3.407763957977295], "38": [5.0, 1.3220880031585693], "40": [6.0, 4.0279541015625], "41": [6.0, 47.02666616439819], "53": [6.0, 4.176168918609619], "70": [6.0, 45.51373791694641], "73": [6.0, 3.7997829914093018], "74": [6.0, 4.053551197052002], "84": [6.0, 58.152419090270996], "88": [6.0, 4.1278369426727295], "90": [5.0, 1.2790708541870117], "98": [5.0, 1.9437170028686523], "101": [6.0, 4.127338886260986], "106": [6.0, 1.1496951580047607], "110": [6.0, 5.468147039413452], "113": [6.0, 4.113444805145264], "116": [5.0, 1.1384739875793457], "122": [6.0, 3.8777658939361572], "125": [6.0, 4.156485080718994], "127": [6.0, 67.58392810821533], "136": [5.0, 1.2841551303863525], "137": [5.0, 1.4054322242736816], "144": [6.0, 3.2024121284484863], "166": [6.0, 1.3380870819091797], "172": [6.0, 1.558763027191162], "174": [6.0, 1.426565170288086], "175": [6.0, 4.433586835861206], "178": [5.0, 1.1637921333312988], "182": [6.0, 4.15257716178894], "183": [6.0, 62.06993389129639], "59": [6.0, 1.3841431140899658], "62": [6.0, 1.2613229751586914], "82": [6.0, 4.243221044540405], "126": [6.0, 1.2978250980377197], "158": [6.0, 3.720461130142212], "177": [6.0, 4.310634136199951], "34": [6.0, 1.291632890701294], "20": [6.0, 10.161173105239868]}