{"0": [4.0, 4.125418424606323], "1": [4.0, 5.995075702667236], "2": [4.0, 3.391299247741699], "3": [4.0, 5.395802021026611], "4": [4.0, 6.3209757804870605], "5": [4.0, 2.845557928085327], "6": [4.0, 3.7697792053222656], "7": [4.0, 5.887402057647705], "8": [4.0, 3.838008165359497], "9": [4.0, 3.250993251800537], "10": [4.0, 3.3499159812927246], "11": [4.0, 3.4767839908599854], "12": [4.0, 3.3045899868011475], "13": [4.0, 3.3037009239196777], "14": [4.0, 4.887717008590698], "15": [4.0, 5.692263126373291], "16": [4.0, 4.571324825286865], "17": [4.0, 3.1331231594085693], "20": [4.0, 6.263100862503052], "21": [4.0, 5.071534872055054], "22": [4.0, 4.010864973068237], "24": [4.0, 4.3760058879852295], "25": [4.0, 5.326770067214966], "26": [4.0, 5.5420050621032715], "27": [4.0, 4.649158954620361], "28": [4.0, 4.937784194946289], "29": [4.0, 4.989316940307617], "30": [4.0, 3.994776964187622], "31": [4.0, 4.536525011062622], "32": [4.0, 4.917643070220947], "33": [4.0, 4.384234189987183], "34": [4.0, 4.682223796844482], "35": [4.0, 5.35763692855835], "36": [4.0, 5.16477108001709], "37": [4.0, 5.495215892791748], "38": [4.0, 5.4635210037231445], "39": [4.0, 5.134824991226196], "40": [4.0, 4.504428863525391], "42": [4.0, 3.5127410888671875], "43": [4.0, 4.16643214225769], "44": [4.0, 3.050473928451538], "45": [4.0, 3.432218074798584], "46": [4.0, 3.789076328277588], "48": [4.0, 5.3624608516693115], "49": [4.0, 4.477053165435791], "50": [4.0, 3.7760980129241943], "51": [4.0, 3.9503989219665527], "52": [4.0, 3.202584981918335], "53": [4.0, 3.4453630447387695], "54": [4.0, 4.169973850250244], "55": [4.0, 4.544035196304321], "56": [4.0, 3.5268449783325195], "57": [4.0, 3.20180082321167], "58": [4.0, 4.704742908477783], "59": [4.0, 3.6884491443634033], "60": [4.0, 4.806081056594849], "61": [4.0, 4.5844340324401855], "62": [4.0, 6.194642066955566], "63": [4.0, 7.917910814285278], "64": [4.0, 6.114868402481079], "65": [4.0, 4.9677159786224365], "66": [4.0, 5.037214994430542], "67": [4.0, 4.718517065048218], "68": [4.0, 3.8801591396331787], "69": [4.0, 3.6718649864196777], "70": [4.0, 5.606218099594116], "71": [4.0, 3.9039578437805176], "72": [4.0, 4.164412021636963], "73": [4.0, 4.781731128692627], "74": [4.0, 5.920367002487183], "76": [4.0, 5.315182209014893], "77": [4.0, 4.937453985214233], "78": [4.0, 4.105851888656616], "79": [4.0, 4.099562168121338], "81": [4.0, 3.816779136657715], "82": [4.0, 4.183355808258057], "83": [4.0, 4.526463031768799], "84": [4.0, 5.227375268936157], "85": [4.0, 4.611760854721069], "87": [4.0, 5.378393888473511], "88": [4.0, 4.185599327087402], "89": [4.0, 4.401418924331665], "90": [4.0, 4.5218000411987305], "92": [4.0, 5.9724321365356445], "93": [4.0, 5.40119481086731], "94": [4.0, 4.63300895690918], "95": [4.0, 3.8166327476501465], "96": [4.0, 4.035882949829102], "97": [4.0, 5.479692697525024], "98": [4.0, 5.315619945526123], "99": [4.0, 3.7287888526916504], "100": [4.0, 3.6147377490997314], "101": [4.0, 4.814568996429443], "102": [4.0, 5.094352960586548], "103": [4.0, 4.469085931777954], "104": [4.0, 4.258498191833496], "105": [4.0, 5.387548208236694], "106": [4.0, 4.952591896057129], "107": [4.0, 4.668281078338623], "108": [4.0, 3.9373931884765625], "109": [4.0, 4.352727890014648], "110": [4.0, 4.143050193786621], "111": [4.0, 4.964445352554321], "112": [4.0, 4.577154874801636], "113": [4.0, 4.526693820953369], "114": [4.0, 4.30239200592041], "115": [4.0, 4.823495149612427], "116": [4.0, 4.481211185455322], "117": [4.0, 3.814440965652466], "118": [4.0, 6.137509822845459], "119": [4.0, 5.424237966537476], "120": [4.0, 5.449588060379028], "121": [4.0, 3.279849052429199], "122": [4.0, 4.80424427986145], "123": [4.0, 4.545524835586548], "124": [4.0, 3.3931751251220703], "125": [4.0, 6.3982391357421875], "126": [4.0, 4.072997808456421], "127": [4.0, 4.265974044799805], "128": [4.0, 3.8234517574310303], "129": [4.0, 4.255100965499878], "130": [4.0, 3.993292808532715], "131": [4.0, 4.169884920120239], "132": [4.0, 2.9760820865631104], "133": [4.0, 4.301931142807007], "134": [4.0, 4.05021595954895], "135": [4.0, 3.8492977619171143], "136": [4.0, 6.454498052597046], "137": [4.0, 4.907482147216797], "138": [4.0, 4.37243390083313], "139": [4.0, 5.966224908828735], "140": [4.0, 4.443434000015259], "141": [4.0, 4.1795172691345215], "142": [4.0, 4.358838081359863], "143": [4.0, 5.862482070922852], "144": [4.0, 3.809541940689087], "145": [4.0, 4.402074813842773], "146": [4.0, 3.697364091873169], "147": [4.0, 6.738268852233887], "148": [4.0, 5.412505865097046], "149": [4.0, 3.4714479446411133], "150": [4.0, 3.771674871444702], "151": [4.0, 4.025369882583618], "152": [4.0, 4.946215867996216], "153": [4.0, 5.72299599647522], "154": [4.0, 4.5679612159729], "155": [4.0, 3.8237690925598145], "156": [4.0, 4.402228832244873], "157": [4.0, 3.963052988052368], "158": [4.0, 3.065915107727051], "159": [4.0, 4.499315977096558], "161": [4.0, 6.052955865859985], "162": [4.0, 4.251042127609253], "163": [4.0, 3.7765278816223145], "164": [4.0, 3.422855854034424], "165": [4.0, 4.503893136978149], "166": [4.0, 6.345247983932495], "167": [4.0, 5.4919610023498535], "168": [4.0, 4.899411916732788], "169": [4.0, 3.5763919353485107], "170": [4.0, 3.3042969703674316], "172": [4.0, 4.830235719680786], "173": [4.0, 3.8223328590393066], "174": [4.0, 3.385410785675049], "175": [4.0, 3.168043851852417], "177": [4.0, 4.313082695007324], "178": [4.0, 4.9028098583221436], "179": [4.0, 3.729357957839966], "180": [4.0, 3.539674997329712], "181": [4.0, 3.626572847366333], "182": [4.0, 3.896740198135376], "183": [4.0, 2.88484263420105], "185": [4.0, 3.348757028579712], "186": [4.0, 7.49770712852478], "187": [4.0, 3.272494077682495], "189": [4.0, 3.8254668712615967], "190": [4.0, 4.46027398109436], "191": [4.0, 2.891141891479492], "192": [4.0, 5.471725225448608], "193": [4.0, 3.891636848449707], "194": [4.0, 4.5280609130859375], "195": [4.0, 5.213548898696899], "196": [4.0, 5.010921955108643], "197": [4.0, 3.904420852661133], "198": [4.0, 4.935892105102539], "199": [4.0, 4.212862968444824], "18": [4.0, 5.5529279708862305], "19": [4.0, 5.006684064865112], "23": [4.0, 3.2983651161193848], "41": [4.0, 4.560848236083984], "47": [4.0, 4.441836833953857], "75": [4.0, 3.6726269721984863], "80": [4.0, 4.024159908294678], "86": [4.0, 5.588701009750366], "160": [4.0, 4.254543781280518], "171": [4.0, 3.484614849090576], "176": [4.0, 3.5073258876800537], "184": [4.0, 4.495081901550293], "188": [4.0, 4.81910514831543], "91": [4.0, 5.296350002288818]}