{"0": [4.0, 6.819977760314941], "1": [4.0, 7.963510990142822], "2": [4.0, 7.075579881668091], "3": [4.0, 5.6570820808410645], "4": [4.0, 7.087042808532715], "5": [4.0, 6.485751152038574], "6": [4.0, 6.906880140304565], "7": [4.0, 5.656856060028076], "8": [4.0, 6.887713193893433], "9": [4.0, 3.7222530841827393], "10": [4.0, 6.5726048946380615], "12": [4.0, 6.819054126739502], "13": [4.0, 6.727464914321899], "14": [4.0, 5.363316059112549], "15": [4.0, 6.568794012069702], "16": [4.0, 5.074345111846924], "17": [4.0, 7.245112180709839], "18": [4.0, 7.445708751678467], "19": [4.0, 5.147253036499023], "20": [4.0, 5.719840049743652], "21": [4.0, 6.094899892807007], "22": [4.0, 8.388591766357422], "23": [4.0, 6.371213912963867], "24": [4.0, 5.686321258544922], "25": [4.0, 6.339140176773071], "26": [4.0, 7.994746208190918], "27": [4.0, 6.075164794921875], "28": [4.0, 6.635051727294922], "29": [4.0, 5.991384029388428], "30": [4.0, 8.198939085006714], "31": [4.0, 5.997010231018066], "33": [4.0, 5.260004043579102], "34": [4.0, 5.9720799922943115], "35": [4.0, 4.519147872924805], "37": [4.0, 6.682582855224609], "38": [4.0, 6.35896897315979], "39": [4.0, 5.726588249206543], "40": [4.0, 5.805624008178711], "42": [4.0, 6.711161851882935], "43": [4.0, 6.389651298522949], "44": [4.0, 6.638819217681885], "45": [4.0, 7.503238916397095], "46": [4.0, 6.168164014816284], "47": [4.0, 7.371908187866211], "48": [4.0, 6.849907875061035], "49": [4.0, 5.663825273513794], "51": [4.0, 6.473506927490234], "53": [4.0, 5.891205072402954], "55": [4.0, 6.640176057815552], "56": [4.0, 6.288685083389282], "57": [4.0, 6.8394927978515625], "60": [4.0, 7.053362846374512], "61": [4.0, 6.756435871124268], "62": [4.0, 7.169229030609131], "63": [4.0, 5.640331029891968], "64": [4.0, 6.460505723953247], "65": [4.0, 5.730886697769165], "66": [4.0, 7.101485013961792], "67": [4.0, 5.270994186401367], "69": [4.0, 6.077029705047607], "70": [4.0, 5.992956876754761], "71": [4.0, 5.68149995803833], "72": [4.0, 6.8027448654174805], "73": [4.0, 6.433241128921509], "74": [4.0, 6.142754077911377], "75": [4.0, 3.5691678524017334], "76": [4.0, 6.8724260330200195], "77": [4.0, 7.965571880340576], "78": [4.0, 5.690721750259399], "79": [4.0, 6.2476019859313965], "80": [4.0, 5.750042915344238], "81": [4.0, 6.144607067108154], "83": [4.0, 7.489015102386475], "85": [4.0, 6.744891166687012], "86": [4.0, 5.825062036514282], "87": [4.0, 6.510960102081299], "88": [4.0, 4.583966970443726], "89": [4.0, 7.206933975219727], "90": [4.0, 7.039470195770264], "91": [4.0, 6.386621952056885], "92": [4.0, 4.2094972133636475], "93": [4.0, 6.937478065490723], "94": [4.0, 5.4592671394348145], "95": [4.0, 6.65871787071228], "97": [4.0, 7.452754020690918], "98": [4.0, 5.598921060562134], "99": [4.0, 7.482633113861084], "100": [4.0, 6.4928576946258545], "101": [4.0, 6.63105583190918], "102": [4.0, 5.8928399085998535], "103": [4.0, 6.611214637756348], "104": [4.0, 6.1378538608551025], "106": [4.0, 5.489876985549927], "107": [4.0, 7.012088060379028], "108": [4.0, 6.346110105514526], "109": [4.0, 7.640342950820923], "110": [4.0, 6.301594972610474], "112": [4.0, 5.548599004745483], "113": [4.0, 7.622215986251831], "114": [4.0, 7.377584934234619], "115": [4.0, 6.971307039260864], "116": [4.0, 5.465172052383423], "117": [4.0, 6.1779139041900635], "118": [4.0, 7.690923690795898], "119": [4.0, 4.764567613601685], "120": [4.0, 6.891433000564575], "121": [4.0, 6.078042030334473], "122": [4.0, 5.2373950481414795], "123": [4.0, 10.14397406578064], "124": [4.0, 5.78371000289917], "125": [4.0, 7.219841241836548], "126": [4.0, 6.824942111968994], "127": [4.0, 7.585540056228638], "128": [4.0, 8.12906789779663], "129": [4.0, 6.417256832122803], "131": [4.0, 6.9218528270721436], "132": [4.0, 7.752802848815918], "133": [4.0, 4.634093761444092], "134": [4.0, 5.343889951705933], "135": [4.0, 7.789538145065308], "136": [4.0, 7.337117910385132], "137": [4.0, 7.302546977996826], "138": [4.0, 4.901490926742554], "139": [4.0, 7.492681980133057], "140": [4.0, 6.448810338973999], "141": [4.0, 6.785585165023804], "142": [4.0, 5.999464988708496], "143": [4.0, 6.508007764816284], "144": [4.0, 5.255112171173096], "145": [4.0, 4.720237970352173], "146": [4.0, 6.475177049636841], "147": [4.0, 6.69372820854187], "148": [4.0, 6.437498092651367], "149": [4.0, 7.035064935684204], "150": [4.0, 5.065009117126465], "151": [4.0, 6.6917572021484375], "152": [4.0, 7.662009954452515], "153": [4.0, 5.024355888366699], "154": [4.0, 6.6891350746154785], "155": [4.0, 8.268184900283813], "156": [4.0, 4.919283866882324], "157": [4.0, 7.6308417320251465], "158": [4.0, 6.1606316566467285], "159": [4.0, 6.086895227432251], "160": [4.0, 6.194928169250488], "161": [4.0, 6.584378719329834], "162": [4.0, 6.1755690574646], "163": [4.0, 6.455847978591919], "164": [4.0, 6.234170198440552], "165": [4.0, 8.716797828674316], "166": [4.0, 7.081598997116089], "167": [4.0, 4.260930061340332], "168": [4.0, 6.64751672744751], "169": [4.0, 6.824854850769043], "170": [4.0, 6.251341819763184], "171": [4.0, 5.407755136489868], "172": [4.0, 6.308537006378174], "173": [4.0, 7.196527004241943], "174": [4.0, 6.757392883300781], "175": [4.0, 6.360619068145752], "176": [4.0, 5.31956672668457], "177": [4.0, 7.407460689544678], "178": [4.0, 7.027923822402954], "179": [4.0, 6.588210344314575], "180": [4.0, 5.803473949432373], "181": [4.0, 6.889931917190552], "182": [4.0, 7.611732006072998], "184": [4.0, 6.831280708312988], "185": [4.0, 6.695778131484985], "187": [4.0, 6.111085891723633], "189": [4.0, 6.468024015426636], "192": [4.0, 7.183367967605591], "193": [4.0, 6.73350191116333], "194": [4.0, 6.279279708862305], "195": [4.0, 7.750012159347534], "196": [4.0, 8.305378913879395], "197": [4.0, 5.8941450119018555], "198": [4.0, 4.673763990402222], "199": [4.0, 4.998225927352905], "11": [4.0, 3.8093678951263428], "32": [4.0, 3.7486929893493652], "36": [4.0, 7.6131322383880615], "41": [4.0, 6.336130142211914], "50": [4.0, 7.470966100692749], "52": [4.0, 6.329541921615601], "54": [4.0, 7.189234018325806], "58": [4.0, 5.362713098526001], "59": [4.0, 6.597145080566406], "68": [4.0, 6.570900917053223], "82": [4.0, 6.931102991104126], "84": [4.0, 6.9250147342681885], "96": [4.0, 6.680753946304321], "105": [4.0, 6.448297023773193], "111": [4.0, 7.889766693115234], "130": [4.0, 7.466624021530151], "183": [4.0, 6.079282999038696], "188": [4.0, 4.506946086883545], "190": [4.0, 5.930410861968994], "191": [4.0, 7.621819257736206], "186": [4.0, 6.8231329917907715]}