{"0": [6.0, 1.546497106552124], "1": [5.0, 1.6065020561218262], "3": [5.0, 1.3129661083221436], "4": [5.0, 1.5034527778625488], "5": [6.0, 1.262995958328247], "6": [5.0, 1.2306270599365234], "7": [5.0, 1.1352880001068115], "8": [6.0, 1.253525972366333], "9": [6.0, 1.1512689590454102], "10": [6.0, 1.3277020454406738], "12": [5.0, 1.09993314743042], "13": [5.0, 1.1468079090118408], "14": [5.0, 1.2043089866638184], "15": [5.0, 1.1364338397979736], "16": [6.0, 1.377267837524414], "17": [5.0, 1.231848955154419], "20": [5.0, 1.2124919891357422], "21": [5.0, 1.3525009155273438], "22": [6.0, 1.239776849746704], "24": [6.0, 1.218066930770874], "25": [5.0, 1.0989787578582764], "26": [6.0, 1.281790018081665], "27": [5.0, 1.3939969539642334], "28": [6.0, 1.59273099899292], "29": [6.0, 1.4639637470245361], "30": [6.0, 1.3773598670959473], "31": [6.0, 1.3593878746032715], "32": [6.0, 1.4210069179534912], "33": [5.0, 1.182337999343872], "34": [6.0, 1.3025012016296387], "35": [6.0, 1.1812021732330322], "36": [5.0, 1.3351328372955322], "38": [5.0, 1.3610730171203613], "39": [6.0, 1.3155579566955566], "40": [6.0, 1.2643609046936035], "43": [6.0, 1.8490071296691895], "44": [6.0, 1.268437147140503], "45": [6.0, 1.2498157024383545], "46": [5.0, 1.230607032775879], "48": [6.0, 1.281832218170166], "50": [5.0, 1.3970158100128174], "51": [6.0, 1.3782362937927246], "52": [6.0, 1.4322569370269775], "55": [6.0, 1.52327299118042], "56": [5.0, 1.1964740753173828], "57": [6.0, 1.2381401062011719], "58": [6.0, 1.5790650844573975], "59": [5.0, 1.3476109504699707], "60": [6.0, 1.1500327587127686], "61": [5.0, 1.548323154449463], "62": [5.0, 1.2375688552856445], "63": [5.0, 1.3221092224121094], "64": [6.0, 1.5217857360839844], "65": [5.0, 1.333561897277832], "66": [5.0, 1.4017269611358643], "67": [5.0, 1.4744808673858643], "68": [6.0, 1.457533836364746], "69": [6.0, 1.3965659141540527], "70": [6.0, 1.2618358135223389], "71": [6.0, 1.3883051872253418], "72": [5.0, 1.2012851238250732], "73": [6.0, 1.3064332008361816], "74": [5.0, 1.2679569721221924], "76": [6.0, 1.3534610271453857], "77": [5.0, 1.1675281524658203], "78": [6.0, 1.2507121562957764], "79": [5.0, 1.212373971939087], "81": [6.0, 1.3357322216033936], "82": [5.0, 1.3014347553253174], "84": [6.0, 1.3946170806884766], "85": [5.0, 1.2099478244781494], "87": [6.0, 1.2747976779937744], "88": [5.0, 1.3414151668548584], "89": [5.0, 1.3840229511260986], "90": [6.0, 1.1059582233428955], "92": [6.0, 1.206282138824463], "93": [6.0, 1.3019649982452393], "96": [6.0, 1.4375998973846436], "98": [5.0, 1.3603909015655518], "99": [6.0, 1.2480530738830566], "100": [6.0, 1.4038848876953125], "101": [5.0, 1.1815869808197021], "103": [6.0, 1.238671064376831], "104": [5.0, 1.3633148670196533], "105": [5.0, 1.2688241004943848], "106": [5.0, 1.203402042388916], "107": [5.0, 1.18912672996521], "108": [6.0, 1.526947021484375], "109": [6.0, 1.4840431213378906], "110": [6.0, 1.3019940853118896], "111": [6.0, 1.3031628131866455], "112": [5.0, 1.1577839851379395], "113": [5.0, 1.2891666889190674], "114": [6.0, 1.3586289882659912], "115": [6.0, 1.3157248497009277], "116": [5.0, 1.2372641563415527], "118": [5.0, 1.1322858333587646], "119": [6.0, 1.5015058517456055], "121": [6.0, 1.1857988834381104], "123": [5.0, 1.2176179885864258], "124": [5.0, 1.528141736984253], "125": [5.0, 1.1944341659545898], "126": [6.0, 1.3034241199493408], "127": [5.0, 1.1335008144378662], "128": [6.0, 1.3078129291534424], "129": [5.0, 1.6082360744476318], "130": [5.0, 1.3844189643859863], "131": [6.0, 1.1167869567871094], "132": [5.0, 1.1830799579620361], "133": [6.0, 1.1433703899383545], "134": [6.0, 1.375234842300415], "135": [5.0, 1.2080638408660889], "136": [5.0, 1.1994853019714355], "137": [6.0, 1.2669610977172852], "138": [5.0, 1.1694400310516357], "139": [5.0, 1.324842929840088], "140": [6.0, 1.3173048496246338], "141": [6.0, 1.1518781185150146], "142": [6.0, 1.2716290950775146], "143": [5.0, 1.3464388847351074], "144": [6.0, 1.1983702182769775], "145": [5.0, 1.545825719833374], "147": [5.0, 1.4945409297943115], "148": [5.0, 1.2190260887145996], "149": [6.0, 1.2980248928070068], "151": [6.0, 1.226905107498169], "152": [6.0, 1.1975898742675781], "153": [5.0, 1.1751492023468018], "154": [6.0, 1.3722679615020752], "155": [5.0, 1.365706205368042], "156": [6.0, 1.303833246231079], "157": [6.0, 1.411280870437622], "158": [6.0, 1.2788801193237305], "159": [5.0, 1.2547399997711182], "161": [5.0, 1.2502458095550537], "162": [6.0, 1.4833290576934814], "163": [5.0, 1.0928890705108643], "164": [5.0, 1.3000891208648682], "165": [5.0, 1.598897933959961], "166": [5.0, 1.35630202293396], "167": [5.0, 1.1674702167510986], "168": [6.0, 1.3420071601867676], "169": [6.0, 1.4717860221862793], "170": [6.0, 1.5311880111694336], "173": [5.0, 1.3277020454406738], "175": [6.0, 1.3134899139404297], "177": [6.0, 1.1870901584625244], "178": [6.0, 1.2622840404510498], "179": [5.0, 1.526033878326416], "180": [6.0, 1.3438069820404053], "182": [6.0, 1.2276341915130615], "185": [6.0, 1.3019628524780273], "186": [5.0, 1.0440011024475098], "189": [6.0, 1.1998229026794434], "190": [5.0, 1.5440068244934082], "191": [6.0, 1.7601428031921387], "192": [6.0, 1.3060882091522217], "193": [6.0, 1.4126098155975342], "194": [6.0, 1.23881196975708], "195": [5.0, 1.1284008026123047], "196": [5.0, 1.6216518878936768], "197": [5.0, 1.6679208278656006], "198": [6.0, 1.2329730987548828], "199": [6.0, 1.3921468257904053], "2": [6.0, 1.4408650398254395], "11": [6.0, 1.23881196975708], "18": [5.0, 1.3444647789001465], "19": [5.0, 1.2164311408996582], "23": [5.0, 1.2330899238586426], "37": [6.0, 1.7293510437011719], "41": [5.0, 1.4287497997283936], "47": [5.0, 1.0980098247528076], "49": [6.0, 1.4465961456298828], "54": [5.0, 1.384483814239502], "75": [6.0, 1.2286772727966309], "80": [6.0, 1.190133810043335], "83": [6.0, 1.2329480648040771], "86": [6.0, 1.2664759159088135], "94": [6.0, 1.4849190711975098], "95": [5.0, 1.4921238422393799], "102": [6.0, 1.2435603141784668], "120": [5.0, 1.5207839012145996], "122": [5.0, 1.7072839736938477], "146": [6.0, 1.5140581130981445], "150": [5.0, 1.4208712577819824], "160": [5.0, 1.3729197978973389], "172": [5.0, 1.8992681503295898], "174": [6.0, 1.4861218929290771], "176": [6.0, 1.5167779922485352], "181": [5.0, 1.3148958683013916], "183": [6.0, 1.4268159866333008], "184": [6.0, 1.314500093460083], "187": [5.0, 1.4250378608703613], "188": [6.0, 1.3423712253570557], "91": [5.0, 1.385045051574707], "97": [6.0, 1.4044830799102783], "117": [6.0, 2.009676933288574], "171": [5.0, 1.5700600147247314], "42": [5.0, 1.6391170024871826], "53": [5.0, 1.569230079650879]}