{"0": [4.0, 8.818002939224243], "1": [4.0, 7.6051108837127686], "2": [4.0, 8.126494884490967], "3": [4.0, 6.3777148723602295], "5": [4.0, 5.682965040206909], "7": [4.0, 5.129878997802734], "8": [4.0, 3.3455891609191895], "10": [4.0, 5.029422044754028], "12": [4.0, 5.102144956588745], "13": [4.0, 3.690304756164551], "14": [4.0, 4.254971981048584], "15": [4.0, 5.562382936477661], "16": [4.0, 6.932248830795288], "17": [4.0, 5.965354919433594], "18": [4.0, 4.670236825942993], "19": [4.0, 5.340660095214844], "21": [4.0, 3.0791149139404297], "22": [4.0, 5.257030963897705], "23": [4.0, 7.88654899597168], "24": [4.0, 7.364853382110596], "25": [4.0, 5.5408220291137695], "26": [4.0, 3.6053740978240967], "27": [4.0, 3.66599178314209], "28": [4.0, 5.838603973388672], "29": [4.0, 7.631523132324219], "30": [4.0, 5.49330472946167], "32": [4.0, 6.323694944381714], "33": [4.0, 9.512007236480713], "35": [4.0, 5.940591812133789], "36": [4.0, 5.312258005142212], "37": [4.0, 8.396984815597534], "39": [4.0, 7.044574975967407], "41": [4.0, 6.0334179401397705], "42": [4.0, 5.238888263702393], "43": [4.0, 4.381016254425049], "44": [4.0, 7.007209300994873], "45": [4.0, 6.882129907608032], "46": [4.0, 6.095961093902588], "47": [4.0, 5.338536024093628], "48": [4.0, 5.2459869384765625], "49": [4.0, 6.972655773162842], "50": [4.0, 4.366482973098755], "51": [4.0, 8.376867294311523], "52": [4.0, 8.345570802688599], "53": [4.0, 6.497159957885742], "54": [4.0, 4.277462959289551], "55": [4.0, 5.448229074478149], "56": [4.0, 6.549006700515747], "57": [4.0, 5.4337358474731445], "58": [4.0, 3.539853096008301], "60": [4.0, 7.529283046722412], "61": [4.0, 4.292373895645142], "62": [4.0, 7.504967927932739], "63": [4.0, 5.251658916473389], "64": [4.0, 10.941866874694824], "65": [4.0, 5.132028102874756], "66": [4.0, 5.5641539096832275], "67": [4.0, 5.362447023391724], "68": [4.0, 6.474161863327026], "69": [4.0, 6.75925612449646], "71": [4.0, 3.9853219985961914], "72": [4.0, 6.588625192642212], "75": [4.0, 5.80863094329834], "76": [4.0, 6.683912992477417], "77": [4.0, 3.9324119091033936], "78": [4.0, 4.424869775772095], "79": [4.0, 7.301971197128296], "80": [4.0, 7.728172063827515], "81": [4.0, 7.121084928512573], "82": [4.0, 7.274895906448364], "83": [4.0, 5.5121588706970215], "85": [4.0, 6.795846939086914], "86": [4.0, 4.483444929122925], "87": [4.0, 5.320986032485962], "89": [4.0, 6.594253063201904], "91": [4.0, 5.593135833740234], "92": [4.0, 5.150193929672241], "93": [4.0, 5.6607420444488525], "94": [4.0, 3.7527592182159424], "95": [4.0, 4.992581844329834], "96": [4.0, 5.425051927566528], "97": [4.0, 6.4408018589019775], "99": [4.0, 7.145152807235718], "100": [4.0, 7.827793121337891], "102": [4.0, 4.659590005874634], "103": [4.0, 6.92031192779541], "104": [4.0, 7.586298704147339], "105": [4.0, 5.000049829483032], "106": [4.0, 4.297329902648926], "107": [4.0, 4.8618550300598145], "108": [4.0, 3.8449201583862305], "109": [4.0, 3.695653200149536], "111": [4.0, 3.7060930728912354], "112": [4.0, 6.766783952713013], "113": [4.0, 3.961155891418457], "114": [4.0, 6.446876049041748], "115": [4.0, 5.644624948501587], "117": [4.0, 4.147829055786133], "118": [4.0, 8.294059991836548], "119": [4.0, 5.9598610401153564], "120": [4.0, 6.8562331199646], "121": [4.0, 6.946818113327026], "122": [4.0, 4.594949007034302], "123": [4.0, 4.575683832168579], "124": [4.0, 3.624230146408081], "126": [4.0, 4.036944150924683], "128": [4.0, 7.345683813095093], "129": [4.0, 4.837530851364136], "130": [4.0, 6.518104076385498], "131": [4.0, 4.550879001617432], "132": [4.0, 5.664226770401001], "133": [4.0, 4.309323072433472], "134": [4.0, 4.8720338344573975], "135": [4.0, 5.416224002838135], "138": [4.0, 4.871599912643433], "139": [4.0, 6.01720118522644], "140": [4.0, 5.529603958129883], "141": [4.0, 5.586146116256714], "142": [4.0, 4.397435188293457], "143": [4.0, 5.0301008224487305], "144": [4.0, 4.501490831375122], "145": [4.0, 5.811023235321045], "146": [4.0, 3.7664051055908203], "147": [4.0, 6.653015851974487], "148": [4.0, 5.4099860191345215], "149": [4.0, 7.125596046447754], "150": [4.0, 4.728217124938965], "151": [4.0, 4.679538011550903], "152": [4.0, 4.3484179973602295], "153": [4.0, 6.218888998031616], "154": [4.0, 5.523521900177002], "155": [4.0, 6.20661187171936], "156": [4.0, 4.254491090774536], "157": [4.0, 5.826937675476074], "159": [4.0, 4.806444883346558], "160": [4.0, 8.17053508758545], "161": [4.0, 5.556742906570435], "162": [4.0, 8.359194278717041], "163": [4.0, 7.1364428997039795], "164": [4.0, 5.124356031417847], "165": [4.0, 5.650031089782715], "166": [4.0, 4.065982103347778], "167": [4.0, 4.523841142654419], "168": [4.0, 3.5594780445098877], "169": [4.0, 5.072106122970581], "170": [4.0, 4.885188102722168], "171": [4.0, 5.326278924942017], "172": [4.0, 4.754273176193237], "173": [4.0, 3.8665878772735596], "174": [4.0, 3.7683420181274414], "175": [4.0, 5.3150269985198975], "176": [4.0, 5.07889199256897], "179": [4.0, 5.056504249572754], "180": [4.0, 7.565278053283691], "181": [4.0, 6.08106803894043], "182": [4.0, 5.397235870361328], "184": [4.0, 3.869931221008301], "185": [4.0, 7.560367107391357], "186": [4.0, 6.5591208934783936], "187": [4.0, 4.934497117996216], "188": [4.0, 6.9953649044036865], "189": [4.0, 4.715151071548462], "190": [4.0, 5.592007875442505], "191": [4.0, 4.939286947250366], "192": [4.0, 7.005039215087891], "193": [4.0, 6.282191038131714], "194": [4.0, 4.205567121505737], "195": [4.0, 5.622437000274658], "196": [4.0, 4.633103847503662], "197": [4.0, 4.511623859405518], "198": [4.0, 5.237383842468262], "199": [4.0, 4.381279945373535], "4": [4.0, 6.777590036392212], "6": [4.0, 4.5225841999053955], "9": [4.0, 7.7950849533081055], "11": [4.0, 4.343740940093994], "31": [4.0, 5.006456136703491], "38": [4.0, 4.581313133239746], "40": [4.0, 8.510978937149048], "70": [4.0, 6.023378849029541], "73": [4.0, 7.697605133056641], "74": [4.0, 4.940768003463745], "84": [4.0, 6.374993801116943], "88": [4.0, 5.033210754394531], "90": [4.0, 4.339529991149902], "98": [4.0, 4.471441030502319], "101": [4.0, 4.833201885223389], "110": [4.0, 7.009151935577393], "116": [4.0, 6.94119119644165], "125": [4.0, 5.888611078262329], "127": [4.0, 5.577768087387085], "136": [4.0, 4.976300239562988], "137": [4.0, 7.492840051651001], "178": [4.0, 6.065087080001831], "183": [4.0, 6.979668855667114], "34": [4.0, 4.424710750579834], "59": [4.0, 4.381015062332153], "158": [4.0, 3.694535970687866], "177": [4.0, 3.6853787899017334], "20": [4.0, 7.612998723983765]}