{"0": [5.0, 1.3896009922027588], "1": [5.0, 1.34548020362854], "2": [6.0, 46.544074058532715], "3": [6.0, 1.1611340045928955], "4": [5.0, 1.29478120803833], "5": [6.0, 4.402137756347656], "6": [5.0, 1.2599289417266846], "9": [6.0, 4.381181955337524], "10": [5.0, 1.4419679641723633], "11": [6.0, 4.218245267868042], "12": [6.0, 1.3907878398895264], "13": [6.0, 4.196267127990723], "14": [5.0, 1.4678378105163574], "15": [6.0, 3.942612886428833], "20": [5.0, 1.3184728622436523], "21": [5.0, 1.287665843963623], "22": [5.0, 1.0919189453125], "23": [6.0, 4.304645776748657], "26": [6.0, 3.808018922805786], "27": [5.0, 1.4461379051208496], "28": [6.0, 3.930532693862915], "29": [5.0, 1.163465976715088], "30": [5.0, 1.33436918258667], "31": [5.0, 1.2186338901519775], "32": [5.0, 1.2702000141143799], "35": [5.0, 1.2746801376342773], "36": [6.0, 1.1980750560760498], "38": [6.0, 4.080111026763916], "41": [6.0, 4.21349310874939], "42": [6.0, 1.394481897354126], "43": [6.0, 3.7221367359161377], "44": [6.0, 4.197649955749512], "45": [6.0, 4.4748899936676025], "46": [6.0, 4.392677307128906], "48": [6.0, 1.1548080444335938], "49": [5.0, 1.2695860862731934], "50": [6.0, 1.3805620670318604], "51": [6.0, 4.748908042907715], "52": [6.0, 4.081679105758667], "53": [5.0, 1.266772985458374], "54": [6.0, 108.85488510131836], "56": [5.0, 1.0953600406646729], "57": [6.0, 365.42145800590515], "58": [6.0, 1.505631923675537], "59": [5.0, 1.516050100326538], "60": [6.0, 1.5772459506988525], "61": [5.0, 1.2515931129455566], "62": [6.0, 14.15709900856018], "63": [6.0, 4.882655143737793], "64": [6.0, 5.297388076782227], "66": [6.0, 4.993914842605591], "67": [6.0, 4.95402193069458], "68": [6.0, 7.261235237121582], "69": [6.0, 5.251645803451538], "70": [6.0, 5.370820045471191], "71": [6.0, 4.862030029296875], "72": [5.0, 1.5834159851074219], "73": [5.0, 1.9880259037017822], "74": [6.0, 5.53973913192749], "75": [6.0, 4.703708171844482], "76": [6.0, 1.770186185836792], "79": [6.0, 1.6625511646270752], "81": [6.0, 5.154193878173828], "82": [5.0, 1.6466643810272217], "84": [5.0, 1.3792908191680908], "85": [6.0, 1.375701904296875], "87": [6.0, 4.872425079345703], "89": [6.0, 5.016064167022705], "90": [6.0, 4.806380033493042], "91": [5.0, 1.4324369430541992], "92": [6.0, 1.5504190921783447], "93": [5.0, 1.3516261577606201], "95": [5.0, 1.635782241821289], "96": [5.0, 1.6844878196716309], "97": [6.0, 1.667719841003418], "98": [6.0, 5.277834177017212], "99": [5.0, 1.1853001117706299], "100": [6.0, 4.482912063598633], "101": [5.0, 1.7275640964508057], "102": [5.0, 2.1038551330566406], "104": [5.0, 1.4352822303771973], "105": [6.0, 5.904797792434692], "106": [6.0, 4.667186975479126], "107": [5.0, 1.1076431274414062], "108": [5.0, 1.315654993057251], "109": [6.0, 3.6311228275299072], "110": [5.0, 1.1281960010528564], "111": [6.0, 4.221385955810547], "112": [5.0, 1.3262109756469727], "113": [5.0, 1.0725750923156738], "115": [6.0, 1.2234890460968018], "116": [6.0, 4.159328937530518], "117": [6.0, 3.7704100608825684], "118": [5.0, 1.1312668323516846], "120": [6.0, 1.3003499507904053], "121": [5.0, 1.2875721454620361], "122": [6.0, 4.121193170547485], "123": [6.0, 1.4095587730407715], "124": [5.0, 1.2172729969024658], "125": [5.0, 1.3343420028686523], "128": [6.0, 1.3555059432983398], "129": [6.0, 2.0504329204559326], "130": [5.0, 1.250195026397705], "131": [5.0, 1.4396388530731201], "132": [5.0, 1.4987668991088867], "133": [6.0, 4.390439033508301], "135": [5.0, 1.2053277492523193], "136": [6.0, 1.188697099685669], "138": [5.0, 1.5136268138885498], "140": [6.0, 4.296388864517212], "142": [5.0, 1.0846319198608398], "143": [6.0, 4.114061117172241], "144": [6.0, 3.8394529819488525], "145": [6.0, 1.195383071899414], "146": [6.0, 3.5365378856658936], "147": [6.0, 4.041351079940796], "151": [6.0, 4.201155185699463], "152": [6.0, 1.242617130279541], "153": [6.0, 1.479477882385254], "154": [5.0, 1.5842399597167969], "156": [6.0, 4.569766998291016], "157": [5.0, 1.612149953842163], "158": [5.0, 1.6082897186279297], "159": [6.0, 53.684248208999634], "162": [6.0, 5.525197982788086], "165": [5.0, 1.6805310249328613], "166": [6.0, 3.039940118789673], "168": [5.0, 1.4069619178771973], "170": [5.0, 1.7938299179077148], "171": [6.0, 5.255083084106445], "172": [6.0, 4.891251087188721], "173": [6.0, 1.6286091804504395], "174": [6.0, 4.756859064102173], "175": [6.0, 5.930003881454468], "177": [6.0, 5.422688007354736], "178": [5.0, 1.6076550483703613], "180": [6.0, 5.112972021102905], "182": [6.0, 4.712784767150879], "184": [6.0, 6.037382125854492], "186": [6.0, 6.298537969589233], "188": [6.0, 5.619674921035767], "189": [6.0, 1.6213271617889404], "190": [5.0, 1.5754930973052979], "192": [6.0, 5.84473991394043], "193": [6.0, 5.545679092407227], "194": [6.0, 5.85863995552063], "195": [6.0, 5.624412775039673], "196": [6.0, 13.724046230316162], "197": [5.0, 1.4889860153198242], "198": [6.0, 5.927001714706421], "7": [5.0, 1.5949528217315674], "16": [5.0, 1.9179000854492188], "18": [6.0, 5.545232057571411], "19": [6.0, 5.546945095062256], "25": [5.0, 1.7551071643829346], "33": [5.0, 1.3226537704467773], "37": [5.0, 1.7527060508728027], "39": [5.0, 1.3176770210266113], "47": [6.0, 1.7236769199371338], "55": [6.0, 5.3552820682525635], "65": [5.0, 1.946263074874878], "77": [5.0, 1.4370808601379395], "78": [5.0, 1.5550382137298584], "80": [5.0, 1.761794090270996], "83": [6.0, 6.136280059814453], "86": [6.0, 5.042573928833008], "88": [6.0, 5.046919822692871], "94": [6.0, 4.859451055526733], "103": [5.0, 1.896332025527954], "114": [6.0, 5.251176357269287], "119": [5.0, 1.7786240577697754], "126": [5.0, 1.9217529296875], "127": [5.0, 1.5074541568756104], "137": [5.0, 1.533094882965088], "139": [5.0, 2.0709269046783447], "141": [5.0, 1.9357171058654785], "149": [6.0, 78.15631484985352], "150": [5.0, 1.5276968479156494], "155": [6.0, 1.7527680397033691], "160": [6.0, 1.5911099910736084], "161": [6.0, 3.947291851043701], "163": [5.0, 1.346235990524292], "167": [6.0, 1.574383020401001], "176": [6.0, 5.132537126541138], "179": [6.0, 1.6105329990386963], "183": [6.0, 10.638229131698608], "187": [6.0, 4.523087978363037], "191": [6.0, 1.5540320873260498], "199": [5.0, 1.6775288581848145], "17": [6.0, 1.711771011352539], "34": [6.0, 1.5753729343414307], "40": [6.0, 5.5034730434417725], "134": [5.0, 1.523529052734375], "148": [6.0, 5.193269968032837], "164": [5.0, 1.4451961517333984], "169": [5.0, 1.3334729671478271], "181": [5.0, 1.5640668869018555], "185": [6.0, 56.789456844329834], "8": [5.0, 1.419909954071045], "24": [5.0, 1.4427971839904785]}