{"0": [4.0, 5.93823504447937], "3": [4.0, 4.691007375717163], "4": [4.0, 9.222623109817505], "5": [4.0, 6.114712953567505], "6": [4.0, 5.980479955673218], "7": [4.0, 7.215864896774292], "8": [4.0, 5.8264548778533936], "9": [4.0, 6.416478872299194], "10": [4.0, 6.102258920669556], "11": [4.0, 6.467525005340576], "12": [4.0, 5.270349025726318], "13": [4.0, 6.517271041870117], "14": [4.0, 4.815746068954468], "15": [4.0, 5.855175733566284], "18": [4.0, 5.716179132461548], "19": [4.0, 8.044268131256104], "20": [4.0, 4.773230075836182], "21": [4.0, 7.394126892089844], "22": [4.0, 6.03301215171814], "23": [4.0, 6.460126876831055], "24": [4.0, 7.253898859024048], "25": [4.0, 7.357347011566162], "26": [4.0, 6.083874702453613], "27": [4.0, 7.213178873062134], "28": [4.0, 6.810216903686523], "29": [4.0, 7.473553895950317], "30": [4.0, 6.404083013534546], "31": [4.0, 6.906611204147339], "32": [4.0, 6.798729181289673], "33": [4.0, 8.159217834472656], "35": [4.0, 5.934525966644287], "36": [4.0, 6.6812520027160645], "37": [4.0, 5.749963045120239], "38": [4.0, 7.388756990432739], "39": [4.0, 7.547421932220459], "41": [4.0, 6.7247889041900635], "42": [4.0, 8.498350858688354], "43": [4.0, 8.21641993522644], "46": [4.0, 7.39018988609314], "47": [4.0, 4.600491046905518], "48": [4.0, 6.017306089401245], "49": [4.0, 7.094231128692627], "50": [4.0, 6.6188108921051025], "51": [4.0, 6.4034950733184814], "53": [4.0, 7.303271770477295], "54": [4.0, 6.45806622505188], "55": [4.0, 7.626132965087891], "56": [4.0, 6.811014890670776], "57": [4.0, 7.797536134719849], "58": [4.0, 7.157158851623535], "59": [4.0, 7.221240997314453], "61": [4.0, 6.6587231159210205], "62": [4.0, 6.453411817550659], "63": [4.0, 7.144358158111572], "64": [4.0, 5.336896657943726], "65": [4.0, 5.83593225479126], "66": [4.0, 3.9815540313720703], "68": [4.0, 6.3066627979278564], "70": [4.0, 5.8082380294799805], "72": [4.0, 7.259644985198975], "73": [4.0, 6.435749053955078], "74": [4.0, 6.106658697128296], "75": [4.0, 3.5119752883911133], "76": [4.0, 7.088306903839111], "77": [4.0, 7.998463869094849], "78": [4.0, 6.558107137680054], "79": [4.0, 6.70999002456665], "81": [4.0, 5.944378137588501], "82": [4.0, 6.383725166320801], "83": [4.0, 7.592818021774292], "84": [4.0, 6.8531341552734375], "86": [4.0, 6.604796886444092], "87": [4.0, 4.669466018676758], "88": [4.0, 5.394787788391113], "89": [4.0, 6.588266849517822], "90": [4.0, 8.106285095214844], "91": [4.0, 6.932978868484497], "92": [4.0, 6.439943075180054], "93": [4.0, 6.259191989898682], "94": [4.0, 5.274359941482544], "95": [4.0, 6.820254802703857], "96": [4.0, 6.34209680557251], "97": [4.0, 8.155976057052612], "98": [4.0, 8.182113647460938], "99": [4.0, 6.225941896438599], "100": [4.0, 5.6820228099823], "101": [4.0, 7.590044260025024], "102": [4.0, 7.452032804489136], "103": [4.0, 7.392404317855835], "104": [4.0, 5.424113988876343], "105": [4.0, 6.10785698890686], "107": [4.0, 8.627985000610352], "108": [4.0, 5.657394170761108], "109": [4.0, 5.756845951080322], "110": [4.0, 5.120021104812622], "111": [4.0, 6.168113946914673], "112": [4.0, 5.1644628047943115], "113": [4.0, 6.910339117050171], "114": [4.0, 6.4970879554748535], "115": [4.0, 6.092349052429199], "116": [4.0, 8.284552097320557], "118": [4.0, 6.021381139755249], "119": [4.0, 5.141767263412476], "120": [4.0, 5.650975942611694], "121": [4.0, 4.435251951217651], "122": [4.0, 8.510720014572144], "123": [4.0, 6.662856101989746], "124": [4.0, 7.036980867385864], "125": [4.0, 6.9232378005981445], "126": [4.0, 8.064189195632935], "127": [4.0, 5.01847767829895], "128": [4.0, 6.471985816955566], "130": [4.0, 6.144014835357666], "131": [4.0, 6.253651857376099], "132": [4.0, 3.1282520294189453], "133": [4.0, 5.250622749328613], "134": [4.0, 6.001833915710449], "135": [4.0, 5.880763053894043], "136": [4.0, 5.511143922805786], "137": [4.0, 7.351773977279663], "138": [4.0, 7.674155950546265], "139": [4.0, 7.919335126876831], "140": [4.0, 4.771777153015137], "141": [4.0, 6.849178075790405], "142": [4.0, 8.700228214263916], "143": [4.0, 6.849278926849365], "144": [4.0, 7.322486877441406], "146": [4.0, 7.6302490234375], "147": [4.0, 7.674278974533081], "148": [4.0, 6.433943033218384], "149": [4.0, 5.503398180007935], "150": [4.0, 8.928694009780884], "151": [4.0, 6.583031177520752], "152": [4.0, 4.577054023742676], "153": [4.0, 7.487285852432251], "154": [4.0, 7.2632222175598145], "155": [4.0, 8.42770504951477], "156": [4.0, 6.995532989501953], "157": [4.0, 5.499699831008911], "161": [4.0, 6.7803308963775635], "162": [4.0, 7.781533241271973], "163": [4.0, 4.48001503944397], "164": [4.0, 6.446407079696655], "165": [4.0, 6.162117004394531], "166": [4.0, 6.566468238830566], "167": [4.0, 8.614853858947754], "168": [4.0, 5.52041482925415], "169": [4.0, 5.66731858253479], "170": [4.0, 7.951460123062134], "171": [4.0, 8.718955039978027], "172": [4.0, 12.243744134902954], "173": [4.0, 13.185363054275513], "174": [4.0, 10.650504112243652], "175": [4.0, 8.069661855697632], "176": [4.0, 7.500918865203857], "177": [4.0, 7.019783973693848], "178": [4.0, 6.738813877105713], "179": [4.0, 7.134113073348999], "180": [4.0, 7.089904069900513], "181": [4.0, 7.885560750961304], "182": [4.0, 8.661718130111694], "183": [4.0, 7.2636706829071045], "184": [4.0, 8.598206043243408], "185": [4.0, 8.858062028884888], "188": [4.0, 7.789761066436768], "189": [4.0, 8.415542125701904], "190": [4.0, 6.347010850906372], "191": [4.0, 7.400101900100708], "192": [4.0, 9.053590059280396], "193": [4.0, 9.01084280014038], "194": [4.0, 8.966744899749756], "195": [4.0, 7.346744060516357], "196": [4.0, 8.772772073745728], "197": [4.0, 8.823501110076904], "198": [4.0, 9.865825176239014], "199": [4.0, 8.03361988067627], "1": [4.0, 8.101341962814331], "16": [4.0, 7.748232126235962], "17": [4.0, 8.885507106781006], "34": [4.0, 7.081229209899902], "40": [4.0, 6.905736923217773], "44": [4.0, 4.2328200340271], "45": [4.0, 6.5752668380737305], "52": [4.0, 9.648056030273438], "60": [4.0, 8.899208068847656], "67": [4.0, 7.934095144271851], "69": [4.0, 7.609141826629639], "71": [4.0, 7.545634984970093], "80": [4.0, 8.88618278503418], "85": [4.0, 9.523067951202393], "106": [4.0, 7.188533067703247], "145": [4.0, 7.601737022399902], "158": [4.0, 9.09951114654541], "159": [4.0, 7.51582932472229], "160": [4.0, 9.506905794143677], "186": [4.0, 6.991600751876831], "187": [4.0, 8.359416961669922], "2": [4.0, 6.758293867111206], "117": [4.0, 7.392187118530273], "129": [4.0, 7.172182083129883]}