{"0": [2.0, 0.02727222442626953], "1": [2.0, 0.027036190032958984], "6": [2.0, 0.026922941207885742], "2": [2.0, 0.026597976684570312], "7": [2.0, 0.026646852493286133], "3": [2.0, 0.026335954666137695], "4": [2.0, 0.026404142379760742], "5": [2.0, 0.026579856872558594]}