{"0": [2.0, 0.045453786849975586], "1": [2.0, 0.03935694694519043], "6": [2.0, 0.04231095314025879], "2": [2.0, 0.041767120361328125], "7": [2.0, 0.03857779502868652], "3": [2.0, 0.041452884674072266], "4": [2.0, 0.03798103332519531], "5": [2.0, 0.10935187339782715]}