{"0": [2.0, 0.027404069900512695], "1": [2.0, 0.026508092880249023], "8": [2.0, 0.026776790618896484], "2": [2.0, 0.02602982521057129], "9": [2.0, 0.02663707733154297], "3": [2.0, 0.026788711547851562], "4": [2.0, 0.027173757553100586], "5": [2.0, 0.026292085647583008], "6": [2.0, 0.026202917098999023], "7": [2.0, 0.0265042781829834]}