{"0": [2.0, 0.0517580509185791], "1": [2.0, 0.03934311866760254], "8": [2.0, 0.040450096130371094], "2": [2.0, 0.04252791404724121], "9": [2.0, 0.04018378257751465], "3": [2.0, 0.038275957107543945], "4": [2.0, 0.04099106788635254], "5": [2.0, 0.038305044174194336], "6": [2.0, 0.03876090049743652], "7": [2.0, 0.038648128509521484]}