{"0": [2.0, 0.03567910194396973], "1": [2.0, 0.027471065521240234], "3": [2.0, 0.02779102325439453], "4": [2.0, 0.030397891998291016], "5": [2.0, 0.029571056365966797], "2": [2.0, 0.026520967483520508], "6": [2.0, 0.0292508602142334], "7": [2.0, 0.029082059860229492]}