{"0": [2.0, 0.025397062301635742], "1": [2.0, 0.05462288856506348], "2": [2.0, 0.05362296104431152], "3": [2.0, 0.053173065185546875], "4": [2.0, 0.05294013023376465], "5": [2.0, 0.05378413200378418]}