{"0": [2.0, 0.0523381233215332], "1": [2.0, 0.08771562576293945], "2": [2.0, 0.08756399154663086], "3": [2.0, 0.08401989936828613], "4": [2.0, 0.08408880233764648], "5": [2.0, 0.1023569107055664]}