{"1": [8.0, 0.0007410049438476562], "0": [8.0, 0.0008056163787841797], "2": [8.0, 0.0007388591766357422], "3": [8.0, 0.0006356239318847656], "4": [8.0, 0.0008165836334228516], "5": [8.0, 0.0007443428039550781], "6": [7.0, 0.0005390644073486328], "7": [8.0, 0.0006818771362304688], "8": [8.0, 0.0007114410400390625], "9": [8.0, 0.0008490085601806641], "10": [8.0, 0.0005819797515869141], "11": [8.0, 0.0005433559417724609], "12": [9.0, 0.0006287097930908203], "13": [8.0, 0.0006361007690429688], "14": [8.0, 0.0006582736968994141], "15": [8.0, 0.0006289482116699219], "16": [8.0, 0.0006117820739746094], "17": [8.0, 0.00072479248046875], "18": [9.0, 0.0005943775177001953], "19": [8.0, 0.0005872249603271484], "20": [7.0, 0.00060272216796875], "21": [8.0, 0.0005652904510498047], "22": [8.0, 0.0006592273712158203], "23": [8.0, 0.0007102489471435547], "24": [8.0, 0.0005893707275390625], "25": [8.0, 0.0005946159362792969], "26": [8.0, 0.00045871734619140625], "27": [8.0, 0.0006203651428222656], "28": [8.0, 0.0005669593811035156], "29": [8.0, 0.0005624294281005859], "30": [7.0, 0.0006093978881835938], "31": [8.0, 0.000514984130859375], "32": [8.0, 0.0006265640258789062], "33": [7.0, 0.0005297660827636719], "34": [7.0, 0.000530242919921875], "35": [8.0, 0.0005817413330078125], "36": [7.0, 0.0005168914794921875], "37": [8.0, 0.0005199909210205078], "38": [7.0, 0.0005466938018798828], "39": [8.0, 0.0006875991821289062], "40": [8.0, 0.0005362033843994141], "41": [8.0, 0.0004744529724121094], "42": [8.0, 0.0005505084991455078], "43": [8.0, 0.0005965232849121094], "44": [8.0, 0.0005326271057128906], "45": [8.0, 0.0006265640258789062], "46": [8.0, 0.0005800724029541016], "47": [8.0, 0.0006213188171386719], "48": [8.0, 0.0006585121154785156], "49": [7.0, 0.0006074905395507812], "50": [8.0, 0.0006415843963623047], "51": [8.0, 0.0005767345428466797], "52": [8.0, 0.0005788803100585938], "53": [8.0, 0.0005936622619628906], "54": [8.0, 0.0005025863647460938], "55": [7.0, 0.0005497932434082031], "56": [8.0, 0.0006039142608642578], "57": [8.0, 0.0007843971252441406], "58": [8.0, 0.0005817413330078125], "59": [8.0, 0.0005831718444824219], "60": [8.0, 0.0005788803100585938], "61": [8.0, 0.0005815029144287109], "62": [8.0, 0.0005774497985839844], "63": [8.0, 0.0005176067352294922], "64": [8.0, 0.0006406307220458984], "65": [9.0, 0.0006475448608398438], "66": [8.0, 0.0005443096160888672], "67": [8.0, 0.0005924701690673828], "68": [7.0, 0.0005829334259033203], "69": [7.0, 0.0005273818969726562], "70": [7.0, 0.0005462169647216797], "71": [7.0, 0.0004849433898925781], "72": [8.0, 0.0005505084991455078], "73": [8.0, 0.0004839897155761719], "74": [7.0, 0.0005705356597900391], "75": [8.0, 0.0004436969757080078], "76": [7.0, 0.0005621910095214844], "77": [8.0, 0.0006344318389892578], "78": [8.0, 0.0005931854248046875], "79": [8.0, 0.0006029605865478516], "80": [7.0, 0.0005731582641601562], "81": [8.0, 0.0006268024444580078], "82": [8.0, 0.0006358623504638672], "83": [8.0, 0.0006310939788818359], "84": [8.0, 0.0005710124969482422], "85": [8.0, 0.000682830810546875], "86": [8.0, 0.0006437301635742188], "87": [7.0, 0.0005657672882080078], "88": [8.0, 0.0006232261657714844], "89": [8.0, 0.0005438327789306641], "90": [8.0, 0.0006434917449951172], "91": [7.0, 0.0006361007690429688], "92": [8.0, 0.0006365776062011719], "93": [8.0, 0.0005762577056884766], "94": [9.0, 0.0005486011505126953], "95": [7.0, 0.0006005764007568359], "96": [8.0, 0.0006229877471923828], "97": [8.0, 0.0006737709045410156], "98": [8.0, 0.0005254745483398438], "99": [8.0, 0.0007190704345703125], "100": [8.0, 0.0006635189056396484], "101": [8.0, 0.0006680488586425781], "102": [8.0, 0.0006177425384521484], "103": [8.0, 0.0006518363952636719], "104": [8.0, 0.0005438327789306641], "105": [8.0, 0.000583648681640625], "106": [8.0, 0.0005700588226318359], "107": [8.0, 0.0006039142608642578], "108": [8.0, 0.0005888938903808594], "109": [8.0, 0.0005385875701904297], "110": [8.0, 0.0005896091461181641], "111": [8.0, 0.0006616115570068359], "112": [8.0, 0.0006148815155029297], "113": [8.0, 0.0007159709930419922], "114": [8.0, 0.0006320476531982422], "115": [8.0, 0.0005586147308349609], "116": [7.0, 0.0004956722259521484], "117": [8.0, 0.0006215572357177734], "118": [8.0, 0.0006227493286132812], "119": [8.0, 0.0006439685821533203], "120": [8.0, 0.0005705356597900391], "121": [8.0, 0.0007126331329345703], "122": [8.0, 0.0006947517395019531], "123": [8.0, 0.0005657672882080078], "124": [9.0, 0.0005524158477783203]}