{"4": [10.0, 0.0038459300994873047], "0": [7.0, 0.0031359195709228516], "5": [9.0, 0.0024471282958984375], "1": [7.0, 0.0024449825286865234], "7": [9.0, 0.0021440982818603516], "3": [5.0, 0.0022258758544921875], "8": [9.0, 0.0021610260009765625], "10": [10.0, 0.002173900604248047], "12": [10.0, 0.0024929046630859375], "13": [11.0, 0.002209186553955078], "6": [7.0, 0.0021321773529052734], "14": [9.0, 0.0026297569274902344], "15": [9.0, 0.002626180648803711], "9": [7.0, 0.002288818359375], "11": [8.0, 0.0021560192108154297], "16": [10.0, 0.0024230480194091797], "17": [7.0, 0.0020780563354492188], "18": [7.0, 0.002095937728881836], "20": [4.0, 0.002146005630493164], "21": [9.0, 0.002054929733276367], "22": [6.0, 0.0020148754119873047], "23": [9.0, 0.002079010009765625], "24": [7.0, 0.002193927764892578], "2": [8.0, 0.001993894577026367], "26": [9.0, 0.001990795135498047], "27": [7.0, 0.0020508766174316406], "28": [6.0, 0.002173900604248047], "29": [7.0, 0.0019328594207763672], "30": [8.0, 0.0019078254699707031], "31": [12.0, 0.0020148754119873047], "32": [5.0, 0.0019850730895996094], "33": [4.0, 0.001940011978149414], "34": [11.0, 0.0019278526306152344], "35": [7.0, 0.0019567012786865234], "19": [5.0, 0.0019309520721435547], "36": [9.0, 0.0019462108612060547], "37": [7.0, 0.0018548965454101562], "38": [5.0, 0.0019421577453613281], "25": [8.0, 0.0022437572479248047], "39": [8.0, 0.0019881725311279297], "40": [7.0, 0.001956939697265625], "41": [9.0, 0.0019600391387939453], "42": [6.0, 0.0018889904022216797], "43": [6.0, 0.0019230842590332031], "44": [7.0, 0.0018880367279052734], "45": [8.0, 0.0019152164459228516], "46": [9.0, 0.0018761157989501953], "47": [9.0, 0.002053976058959961], "48": [9.0, 0.0023069381713867188], "49": [10.0, 0.0019986629486083984], "50": [11.0, 0.0021457672119140625], "51": [10.0, 0.002789020538330078], "52": [7.0, 0.002301931381225586], "53": [7.0, 0.002235889434814453], "54": [8.0, 0.002199888229370117], "55": [10.0, 0.002039194107055664], "56": [12.0, 0.001984119415283203], "57": [8.0, 0.0020210742950439453], "58": [7.0, 0.0020117759704589844], "59": [4.0, 0.001985788345336914], "60": [8.0, 0.0025510787963867188], "61": [13.0, 0.00237274169921875], "62": [10.0, 0.0022668838500976562], "63": [10.0, 0.002393007278442383], "64": [10.0, 0.002104043960571289], "65": [10.0, 0.0023453235626220703], "66": [8.0, 0.002140045166015625], "67": [5.0, 0.002398967742919922], "68": [12.0, 0.0022661685943603516], "69": [6.0, 0.002154111862182617], "70": [8.0, 0.0020570755004882812], "71": [7.0, 0.0020461082458496094], "72": [8.0, 0.002050161361694336], "73": [10.0, 0.0023660659790039062], "74": [6.0, 0.0022771358489990234], "75": [10.0, 0.0019888877868652344], "76": [10.0, 0.0020258426666259766], "77": [8.0, 0.0020148754119873047], "78": [8.0, 0.002031087875366211], "79": [10.0, 0.0020868778228759766], "80": [7.0, 0.0020720958709716797], "81": [11.0, 0.002150297164916992], "82": [10.0, 0.0019519329071044922], "83": [15.0, 0.001936197280883789], "84": [10.0, 0.002003908157348633], "85": [8.0, 0.002104043960571289], "86": [5.0, 0.0020012855529785156], "87": [8.0, 0.002023935317993164], "88": [7.0, 0.0020008087158203125], "89": [5.0, 0.002110004425048828], "90": [12.0, 0.0019719600677490234], "91": [12.0, 0.0019261837005615234], "92": [12.0, 0.0020608901977539062], "93": [8.0, 0.002288818359375], "94": [5.0, 0.001981019973754883], "95": [8.0, 0.001984119415283203], "96": [9.0, 0.002701997756958008], "97": [12.0, 0.0024042129516601562], "98": [9.0, 0.0021047592163085938], "99": [7.0, 0.0020956993103027344], "100": [5.0, 0.002123117446899414], "101": [7.0, 0.0019729137420654297], "102": [9.0, 0.0021948814392089844], "103": [7.0, 0.002136707305908203], "104": [10.0, 0.0022039413452148438], "105": [8.0, 0.0020530223846435547], "106": [8.0, 0.0019991397857666016], "107": [6.0, 0.0020270347595214844], "108": [3.0, 0.002084970474243164], "109": [11.0, 0.0020499229431152344], "110": [7.0, 0.0019609928131103516], "111": [8.0, 0.001950979232788086], "112": [8.0, 0.0020170211791992188], "113": [11.0, 0.0019550323486328125], "114": [13.0, 0.0019478797912597656], "115": [9.0, 0.0019419193267822266], "116": [8.0, 0.0020110607147216797], "117": [8.0, 0.0019347667694091797], "118": [9.0, 0.002045154571533203], "119": [5.0, 0.002012014389038086], "120": [6.0, 0.002001047134399414], "121": [10.0, 0.0019328594207763672], "122": [10.0, 0.0019497871398925781], "123": [9.0, 0.0019392967224121094], "124": [6.0, 0.0020089149475097656]}