{"4": [10.0, 0.0005123615264892578], "0": [7.0, 0.0004329681396484375], "5": [9.0, 0.00038623809814453125], "1": [7.0, 0.0003445148468017578], "7": [9.0, 0.0003650188446044922], "3": [5.0, 0.0003693103790283203], "8": [9.0, 0.00044035911560058594], "10": [10.0, 0.0004949569702148438], "12": [10.0, 0.0003814697265625], "13": [11.0, 0.0003845691680908203], "6": [7.0, 0.00035953521728515625], "14": [9.0, 0.00035119056701660156], "15": [9.0, 0.00037360191345214844], "9": [7.0, 0.00034356117248535156], "11": [8.0, 0.000339508056640625], "16": [10.0, 0.000408172607421875], "17": [7.0, 0.0003647804260253906], "18": [7.0, 0.0003457069396972656], "20": [4.0, 0.0003409385681152344], "21": [9.0, 0.0004153251647949219], "22": [6.0, 0.0003616809844970703], "23": [9.0, 0.0003662109375], "24": [7.0, 0.00033926963806152344], "2": [8.0, 0.0003352165222167969], "26": [9.0, 0.0003273487091064453], "27": [7.0, 0.00038504600524902344], "28": [6.0, 0.00034165382385253906], "29": [7.0, 0.0003533363342285156], "30": [8.0, 0.0003604888916015625], "31": [12.0, 0.0004279613494873047], "32": [5.0, 0.0003445148468017578], "33": [4.0, 0.0003342628479003906], "34": [11.0, 0.0005240440368652344], "35": [7.0, 0.00038433074951171875], "19": [5.0, 0.0003600120544433594], "36": [9.0, 0.0003380775451660156], "37": [7.0, 0.0004763603210449219], "38": [5.0, 0.0003662109375], "25": [8.0, 0.0003502368927001953], "39": [8.0, 0.0003314018249511719], "40": [7.0, 0.0003521442413330078], "41": [9.0, 0.0003426074981689453], "42": [6.0, 0.00032138824462890625], "43": [6.0, 0.00039696693420410156], "44": [7.0, 0.0003287792205810547], "45": [8.0, 0.0003552436828613281], "46": [9.0, 0.00034546852111816406], "47": [9.0, 0.0003426074981689453], "48": [9.0, 0.00035572052001953125], "49": [10.0, 0.00038123130798339844], "50": [11.0, 0.0005102157592773438], "51": [10.0, 0.0004177093505859375], "52": [7.0, 0.0004723072052001953], "53": [7.0, 0.0003859996795654297], "54": [8.0, 0.0003733634948730469], "55": [10.0, 0.00033283233642578125], "56": [12.0, 0.00035119056701660156], "57": [8.0, 0.0003478527069091797], "58": [7.0, 0.0003287792205810547], "59": [4.0, 0.00038051605224609375], "60": [8.0, 0.0003294944763183594], "61": [13.0, 0.0003571510314941406], "62": [10.0, 0.0003604888916015625], "63": [10.0, 0.00033783912658691406], "64": [10.0, 0.00033736228942871094], "65": [10.0, 0.0003323554992675781], "66": [8.0, 0.0003311634063720703], "67": [5.0, 0.00033593177795410156], "68": [12.0, 0.00034546852111816406], "69": [6.0, 0.00043702125549316406], "70": [8.0, 0.0003333091735839844], "71": [7.0, 0.0003666877746582031], "72": [8.0, 0.00037288665771484375], "73": [10.0, 0.000370025634765625], "74": [6.0, 0.00039887428283691406], "75": [10.0, 0.0003657341003417969], "76": [10.0, 0.0003631114959716797], "77": [8.0, 0.0003490447998046875], "78": [8.0, 0.00033926963806152344], "79": [10.0, 0.0003542900085449219], "80": [7.0, 0.00033092498779296875], "81": [11.0, 0.000331878662109375], "82": [10.0, 0.00036716461181640625], "83": [15.0, 0.0003647804260253906], "84": [10.0, 0.0003724098205566406], "85": [8.0, 0.00038170814514160156], "86": [5.0, 0.00041103363037109375], "87": [8.0, 0.0003352165222167969], "88": [7.0, 0.0003452301025390625], "89": [5.0, 0.00035381317138671875], "90": [12.0, 0.00037360191345214844], "91": [12.0, 0.0003719329833984375], "92": [12.0, 0.0003533363342285156], "93": [8.0, 0.000347137451171875], "94": [5.0, 0.0003323554992675781], "95": [8.0, 0.00039267539978027344], "96": [9.0, 0.00035190582275390625], "97": [12.0, 0.000339508056640625], "98": [9.0, 0.0003695487976074219], "99": [7.0, 0.0003910064697265625], "100": [5.0, 0.0003421306610107422], "101": [7.0, 0.0003261566162109375], "102": [9.0, 0.000492095947265625], "103": [7.0, 0.00033783912658691406], "104": [10.0, 0.00035262107849121094], "105": [8.0, 0.0003418922424316406], "106": [8.0, 0.00033283233642578125], "107": [6.0, 0.000385284423828125], "108": [3.0, 0.0003304481506347656], "109": [11.0, 0.0003552436828613281], "110": [7.0, 0.00035834312438964844], "111": [8.0, 0.0003216266632080078], "112": [8.0, 0.00032711029052734375], "113": [11.0, 0.0003254413604736328], "114": [13.0, 0.00035262107849121094], "115": [9.0, 0.0004565715789794922], "116": [8.0, 0.00035572052001953125], "117": [8.0, 0.0005114078521728516], "118": [9.0, 0.0003485679626464844], "119": [5.0, 0.00033402442932128906], "120": [6.0, 0.00032520294189453125], "121": [10.0, 0.00033855438232421875], "122": [10.0, 0.00033211708068847656], "123": [9.0, 0.0003337860107421875], "124": [6.0, 0.00033354759216308594]}