{"1": [4.0, 0.0006353855133056641], "0": [4.0, 0.0006589889526367188], "2": [4.0, 0.0006346702575683594], "3": [4.0, 0.0006275177001953125], "4": [4.0, 0.0005135536193847656], "5": [4.0, 0.0005786418914794922], "6": [4.0, 0.0005702972412109375], "7": [4.0, 0.0005190372467041016], "8": [4.0, 0.0005967617034912109], "9": [4.0, 0.0006973743438720703], "10": [4.0, 0.0006358623504638672], "11": [4.0, 0.0007476806640625], "12": [4.0, 0.0006537437438964844], "13": [4.0, 0.0005347728729248047], "14": [4.0, 0.000553131103515625], "15": [4.0, 0.0005736351013183594], "16": [4.0, 0.0005519390106201172], "17": [4.0, 0.0006241798400878906], "18": [4.0, 0.0005738735198974609], "19": [4.0, 0.0006020069122314453], "20": [4.0, 0.0006301403045654297], "21": [4.0, 0.0005965232849121094], "22": [4.0, 0.0004990100860595703], "23": [4.0, 0.0005478858947753906], "24": [4.0, 0.0005908012390136719], "25": [4.0, 0.0005636215209960938], "26": [4.0, 0.0005898475646972656], "27": [4.0, 0.0005190372467041016], "28": [4.0, 0.0006012916564941406], "29": [4.0, 0.0004818439483642578], "30": [4.0, 0.0005626678466796875], "31": [4.0, 0.0005242824554443359], "32": [4.0, 0.0005681514739990234], "33": [4.0, 0.0006220340728759766], "34": [4.0, 0.0005109310150146484], "35": [4.0, 0.0005896091461181641], "36": [4.0, 0.0005824565887451172], "37": [4.0, 0.0006392002105712891], "38": [4.0, 0.0006055831909179688], "39": [4.0, 0.0005917549133300781], "40": [4.0, 0.0005230903625488281], "41": [4.0, 0.0005671977996826172], "42": [4.0, 0.0006322860717773438], "43": [4.0, 0.0005545616149902344], "44": [4.0, 0.0005719661712646484], "45": [4.0, 0.0005230903625488281], "46": [4.0, 0.0005285739898681641], "47": [4.0, 0.000537872314453125], "48": [4.0, 0.0005595684051513672], "49": [4.0, 0.000598907470703125], "50": [4.0, 0.0005121231079101562], "51": [4.0, 0.0005681514739990234], "52": [4.0, 0.0005443096160888672], "53": [4.0, 0.0005004405975341797], "54": [4.0, 0.0005824565887451172], "55": [4.0, 0.0006060600280761719], "56": [4.0, 0.0005707740783691406], "57": [4.0, 0.0005362033843994141], "58": [4.0, 0.0005877017974853516], "59": [4.0, 0.0005173683166503906], "60": [4.0, 0.0005977153778076172], "61": [4.0, 0.0005362033843994141], "62": [4.0, 0.0005223751068115234], "63": [4.0, 0.00047969818115234375], "64": [4.0, 0.0006191730499267578], "65": [4.0, 0.0006096363067626953], "66": [4.0, 0.0005600452423095703], "67": [4.0, 0.0005726814270019531], "68": [4.0, 0.0005884170532226562], "69": [4.0, 0.0005207061767578125], "70": [3.0, 0.0004942417144775391], "71": [4.0, 0.0005125999450683594], "72": [4.0, 0.0006163120269775391], "73": [4.0, 0.0005936622619628906], "74": [4.0, 0.0005135536193847656], "75": [4.0, 0.0006670951843261719], "76": [4.0, 0.0006463527679443359], "77": [4.0, 0.0007050037384033203], "78": [4.0, 0.0006794929504394531], "79": [4.0, 0.0005643367767333984], "80": [4.0, 0.000667572021484375], "81": [4.0, 0.0006706714630126953], "82": [4.0, 0.0006780624389648438], "83": [4.0, 0.0005383491516113281], "84": [4.0, 0.0005440711975097656], "85": [4.0, 0.0005621910095214844], "86": [4.0, 0.0007460117340087891], "87": [4.0, 0.0007314682006835938], "88": [4.0, 0.0006957054138183594], "89": [4.0, 0.0006763935089111328], "90": [4.0, 0.0005838871002197266], "91": [4.0, 0.0005924701690673828], "92": [4.0, 0.0006399154663085938], "93": [4.0, 0.0006470680236816406], "94": [4.0, 0.0006361007690429688], "95": [4.0, 0.0006654262542724609], "96": [4.0, 0.0005693435668945312], "97": [4.0, 0.000637054443359375], "98": [4.0, 0.0005402565002441406], "99": [4.0, 0.0005810260772705078], "100": [4.0, 0.0006258487701416016], "101": [4.0, 0.0006258487701416016], "102": [4.0, 0.0007660388946533203], "103": [4.0, 0.000598907470703125], "104": [4.0, 0.0005953311920166016], "105": [4.0, 0.0006952285766601562], "106": [4.0, 0.0006000995635986328], "107": [4.0, 0.0006046295166015625], "108": [4.0, 0.0006017684936523438], "109": [4.0, 0.0005679130554199219], "110": [4.0, 0.0005991458892822266], "111": [4.0, 0.0005893707275390625], "112": [4.0, 0.0005881786346435547], "113": [4.0, 0.0005931854248046875], "114": [4.0, 0.0005807876586914062], "115": [4.0, 0.0005986690521240234], "116": [4.0, 0.0005762577056884766], "117": [4.0, 0.0006251335144042969], "118": [4.0, 0.0005185604095458984], "119": [4.0, 0.0005481243133544922], "120": [4.0, 0.000606536865234375], "121": [4.0, 0.000583648681640625], "122": [4.0, 0.0006215572357177734], "123": [4.0, 0.0004863739013671875], "124": [4.0, 0.00047779083251953125]}